{
  "current": {
    "performance": "ludicrous",
    "image_loading_style": "blur-up",
    "custom_scripts": "",
    "logo_color": "#3b3b3b",
    "regular_color": "#2b2a2a",
    "headline_color": "#454545",
    "headline_footer_text_color": "#3b3b3b",
    "sub_footer_text_color": "#8d8d8d",
    "sale_color": "#020f4c",
    "was_price_color": "#2b2a2a",
    "product_hover_text_color": "#5b5b5b",
    "promo_text_color": "#2b2a2a",
    "shop_home_page_content_text_color": "#363636",
    "newsletter_popup_color": "#363636",
    "newsletter_section_color": "#2b2a2a",
    "collection_filter_color": "#333333",
    "top_bar_color": "#62677b",
    "top_bar_color_hover": "#020f4c",
    "nav_color": "#2b2a2a",
    "nav_color_home": "#2b2a2a",
    "nav_color_hover": "#020f4c",
    "link_color": "#020f4c",
    "link_hover_color": "#555d85",
    "sidebar_nav_color": "#020f4c",
    "sidebar_nav_color_hover": "#555d85",
    "sub_footer_link_color": "#8d8d8d",
    "sub_footer_link_color_hover": "#2b2a2a",
    "btn_color": "#ebebeb",
    "btn_hover_color": "#cdcdcd",
    "btn_text_color": "#2b2a2a",
    "button_style": "square",
    "read_more_style": "link",
    "banner_button_color": "#ffffff",
    "banner_color": "#ffffff",
    "banner_background_color": "#212c35",
    "banner_placeholder_background_color": "#ecf0f3",
    "swatch_style": "square",
    "table_styles_enabled": false,
    "slideshow_arrow_size": "light",
    "arrow_color": "#e6e6e6",
    "slideshow_button_style": false,
    "slideshow_nav_buttons": true,
    "border_color": "#8d8d8d",
    "headline_border_color": "#cccccc",
    "headline_border": "0",
    "divider_style": "solid",
    "sub_footer_border_color": "#cccccc",
    "sale_banner_color": "#020f4c",
    "new_banner_color": "#aeaeaf",
    "search_section_color": "#333333",
    "search_section_bg_color": "#d2d9df",
    "testimonial_color": "#333333",
    "testimonial_bg_color": "#ffffff",
    "featured_promotions_color": "#ffffff",
    "featured_promotions_color_hover": "#fff",
    "featured_promotions_background": "#43505a",
    "featured_promotions_mobile_background": false,
    "modal_background_color": "#ffffff",
    "modal_text_color": "#2b2e38",
    "shop_bg_color": "#ffffff",
    "custom_bg": "",
    "repeat_bg": "repeat",
    "bg_fixed": true,
    "bg_stretched": false,
    "top_bar_bg_color": "#ecf0f3",
    "top_bar_cart_bg_color": "#d1d9e1",
    "minicart_bg_color": "#ffffff",
    "header_bg_color": "#ffffff",
    "header_background": true,
    "transparent_header": true,
    "promo_bg_color": "#ffffff",
    "shop_home_page_content_bg_color": "#e1e6ea",
    "featured_links_background": "#d2d9df",
    "product_hover_bg_color": "#f5f7f8",
    "sub_footer_color": "#ffffff",
    "footer_bg": "",
    "footer_bg_stretched": false,
    "newsletter_popup_background_color": "#ffffff",
    "newsletter_section_background_color": "#f2f1f1",
    "password_page_text_color": "#ffffff",
    "password_page_background_color": "#2b2a2a",
    "logo__font": "playfair_display_n4",
    "logo_font_style": "none",
    "logo_font_size": 20,
    "top_bar_font_size": 12,
    "top_bar_letter_spacing": 1,
    "nav__font": "montserrat_n4",
    "nav_font_style": "uppercase",
    "nav_font_size": 12,
    "nav_letter_spacing": 2,
    "nav_shadow": false,
    "button_weight": "bold",
    "button_font_style": "uppercase",
    "button_font_size": 14,
    "mega_text_font_size": 14,
    "mega_text_letter_spacing": 1,
    "headline__font": "montserrat_n4",
    "headline_font_style": "uppercase",
    "headline_font_size": 22,
    "headline_letter_spacing": 5,
    "slideshow_headline__font": "playfair_display_n4",
    "slideshow_headline_font_style": "uppercase",
    "slideshow_headline_size": 39,
    "slideshow_headline_letter_spacing": 2,
    "slideshow_headline_shadow": false,
    "slideshow_subtitle__font": "montserrat_n4",
    "slideshow_subtitle_font_style": "none",
    "slideshow_subtitle_size": 19,
    "slideshow_subtitle_letter_spacing": 0,
    "slideshow_shadow": false,
    "regular__font": "montserrat_n3",
    "regular_font_style": "none",
    "regular_font_size": 16,
    "footer_logo_font_size": 22,
    "footer_heading_font_size": 14,
    "footer_font_size": 12,
    "mega_menu_1": true,
    "mega_menu_2": true,
    "mega_menu_3": false,
    "mega_menu_4": false,
    "mega_menu_5": false,
    "search_option": "product",
    "search_pagination_type": "infinite_scroll",
    "enable_autocomplete": true,
    "search_to_display": 5,
    "align_height": false,
    "collection_height": 200,
    "thumbnail_hover_enabled": true,
    "display_vendor": false,
    "collection_secondary_image": false,
    "sale_banner_enabled": true,
    "collection_swatches": false,
    "mobile_products_per_row": "1",
    "pagination_type": "infinite_scroll",
    "notify_me_form": true,
    "notify_me_richtext": "<p>Notify me when this product is available:</p>",
    "product_form_style": "dropdown",
    "display_product_quantity": true,
    "limit_quantity": false,
    "display_inventory_left": false,
    "inventory_threshold": 10,
    "display_price": false,
    "sold_out_text": "Sold Out",
    "free_price_text": "Free",
    "size_chart": "",
    "enable_shopify_review_comments": true,
    "enable_shopify_collection_badges": false,
    "quick_shop_enabled": true,
    "quick_shop_style": "popup",
    "product_thumbs": true,
    "gallery_arrows": true,
    "activate_zoom": true,
    "slideshow_speed": 0,
    "slideshow_animation": "fade",
    "thumbnail_position": "left-thumbnails",
    "enable_thumbnail_slider": true,
    "quick_shop_display_vendor": false,
    "quick_shop_full_description": false,
    "description_words": 25,
    "quick_shop_product_description_position": "top",
    "quick_shop_display_savings": true,
    "show_payment_button": false,
    "product_images_position": "left",
    "video_looping": false,
    "cart_action": "ajax",
    "show_lock_icon": true,
    "display_tos_checkbox": false,
    "tos_page": "",
    "go_to_checkout": true,
    "display_special_instructions": false,
    "display_savings": true,
    "cart_message": "",
    "show_shipping_calculator": false,
    "shipping_calculator_default_country": "United States",
    "currency_format": "money_format",
    "show_multiple_currencies": true,
    "supported_currencies": "USD CAD AUD GBP EUR JPY",
    "default_currency": "USD",
    "mailchimp_link": "",
    "secondary_newsletter_banner": true,
    "newsletter_popup": true,
    "newsletter_popup_close": true,
    "newsletter_popup_mobile": false,
    "newsletter_popup_form": true,
    "display_first_name": false,
    "display_last_name": false,
    "use_newsletter_border": true,
    "newsletter_bg": "shopify://shop_images/necklace-square.jpg",
    "image_crop": "center",
    "newsletter_popup_image_align": "left",
    "newsletter_popup_title": "Join our VIP Club today and get 15% off your first order",
    "newsletter_popup_text": "<p>Subscribe to our newsletter for sneak peeks at new collections and&nbsp;early access to flash sales!</p>",
    "newsletter_popup_text_align": "left",
    "popup_button1": "",
    "popup_button1_link": "",
    "popup_button1_highlight": false,
    "popup_button2": "",
    "popup_button2_link": "",
    "popup_button2_highlight": false,
    "newsletter_popup_seconds": 8,
    "newsletter_popup_days": "7",
    "favicon": "shopify://shop_images/favicon-navy.png",
    "disqus_enabled": false,
    "disqus_shortname": "",
    "checkout_header_image": "shopify://shop_images/rose-ring2.jpg",
    "checkout_logo_image": "shopify://shop_images/florence-logo-navy.png",
    "checkout_logo_position": "left",
    "checkout_logo_size": "small",
    "checkout_body_background_image": "",
    "checkout_body_background_color": "#ffffff",
    "checkout_input_background_color_mode": "white",
    "checkout_sidebar_background_image": "",
    "checkout_sidebar_background_color": "#dbe1e6",
    "checkout_heading_font": "Helvetica Neue",
    "checkout_body_font": "Helvetica Neue",
    "checkout_accent_color": "#ffffff",
    "checkout_button_color": "#d3d3d3",
    "checkout_error_color": "#b98484",
    "banner_style": "square",
    "og_image_fallback": "shopify://shop_images/turbo-florence-social-share-image.jpg",
    "quick_shop_zoom": false,
    "quick_shop_gallery_arrows": true,
    "quick_shop_slideshow_animation": "slide",
    "quick_shop_product_images_position": "left",
    "quick_shop_product_thumbs": true,
    "quick_shop_thumbnail_position": "bottom-thumbnails",
    "google_link": "",
    "enable_shopify_product_badges": true,
    "review_position": "below_gallery",
    "logo_font": "Google_'Playfair+Display'",
    "logo_weight": "normal",
    "nav_font": "Google_Montserrat",
    "nav_weight": "normal",
    "headline_font": "Google_Montserrat",
    "headline_weight": "normal",
    "headline_font_text": "normal",
    "slideshow_headline_font": "Google_'Playfair+Display'",
    "slideshow_headline_weight": "normal",
    "slideshow_headline_font_text": "normal",
    "slideshow_subtitle_font": "Google_Montserrat",
    "slideshow_subtitle_weight": "normal",
    "slideshow_subtitle_font_text": "normal",
    "regular_font": "Google_Montserrat",
    "regular_weight": "lighter",
    "custom_logo": "",
    "password-page-background": "",
    "pagework_page_bg_stretched": true,
    "featured_promos_text_color": "#ffffff",
    "use_custom_bg_image": false,
    "use_custom_footer_image": false,
    "use_password_bg_image": "1",
    "use_logo": false,
    "logo_alignment": "center",
    "logo_position": "center",
    "use_logo_home": false,
    "use_logo_mobile": false,
    "logo_width": 160,
    "promo_text": "",
    "phone_number": "",
    "top_bar_menu": "",
    "main_linklist": "main-menu",
    "main_linklist2": "",
    "menu_position": "inline",
    "menu_alignment": "align_left",
    "fixed_header": true,
    "logo_top_padding": "15",
    "menu_top_padding": "10",
    "cart_icon": "cart",
    "search_enabled": true,
    "collection_sidebar": false,
    "product_sidebar": false,
    "collection_top_sidebar_page": "",
    "collection_sidebar_linklist": "",
    "collection_sidebar_linklist2": "",
    "filter_by_category": false,
    "filter_by_tag": true,
    "collection_sidebar_products": true,
    "collection_sidebar_vendors": false,
    "collection_sidebar_page": "",
    "footer_logo": false,
    "footer_linklist_1": "footer",
    "footer_linklist_2": "main-menu",
    "footer_linklist_3": "",
    "footer_content_page": "",
    "copyright_text": "",
    "display_designed_by": true,
    "display_payment_methods": true,
    "behind_menu": true,
    "position_1": "1",
    "position_2": "12",
    "position_3": "7",
    "position_4": "9",
    "position_5": "16",
    "position_6": "15",
    "position_7": "0",
    "position_8": "0",
    "position_9": "0",
    "position_10": "0",
    "position_11": "0",
    "position_12": "0",
    "position_13": "0",
    "position_14": "0",
    "position_15": "0",
    "position_16": "0",
    "position_17": "0",
    "position_18": "0",
    "caption_background": false,
    "image_1_pretext": "Introducing the",
    "image_1_headline": "Turbo Shopify theme",
    "image_1_subtitle": "from Out of the Sandbox",
    "image_1_text_position": "center",
    "image_1_text_align": "center",
    "image_1_button1_text": "",
    "image_1_button1_link": "",
    "image_1_button1_highlight": false,
    "image_1_button2_text": "",
    "image_1_button2_link": "",
    "image_1_button2_highlight": false,
    "image_2_pretext": "",
    "image_2_headline": "",
    "image_2_subtitle": "",
    "image_2_text_position": "left",
    "image_2_text_align": "center",
    "image_2_button1_text": "",
    "image_2_button1_link": "",
    "image_2_button1_highlight": false,
    "image_2_button2_text": "",
    "image_2_button2_link": "",
    "image_2_button2_highlight": false,
    "image_3_pretext": "",
    "image_3_headline": "",
    "image_3_subtitle": "",
    "image_3_text_position": "left",
    "image_3_text_align": "center",
    "image_3_button1_text": "",
    "image_3_button1_link": "",
    "image_3_button1_highlight": false,
    "image_3_button2_text": "",
    "image_3_button2_link": "",
    "image_3_button2_highlight": false,
    "image_4_pretext": "",
    "image_4_headline": "",
    "image_4_subtitle": "",
    "image_4_text_position": "left",
    "image_4_text_align": "center",
    "image_4_button1_text": "",
    "image_4_button1_link": "",
    "image_4_button1_highlight": false,
    "image_4_button2_text": "",
    "image_4_button2_link": "",
    "image_4_button2_highlight": false,
    "image_5_pretext": "",
    "image_5_headline": "",
    "image_5_subtitle": "",
    "image_5_text_position": "left",
    "image_5_text_align": "center",
    "image_5_button1_text": "",
    "image_5_button1_link": "",
    "image_5_button1_highlight": false,
    "image_5_button2_text": "",
    "image_5_button2_link": "",
    "image_5_button2_highlight": false,
    "image_6_pretext": "",
    "image_6_headline": "",
    "image_6_subtitle": "",
    "image_6_text_position": "left",
    "image_6_text_align": "left",
    "image_6_button1_text": "",
    "image_6_button1_link": "",
    "image_6_button1_highlight": false,
    "image_6_button2_text": "",
    "image_6_button2_link": "",
    "image_6_button2_highlight": false,
    "featured_promos_per_row": "4",
    "featured_promos_grid": "full_width",
    "feature_title_on_image_enabled": true,
    "featured_links_style": "",
    "feature1_enabled": true,
    "feature1_link": "",
    "feature1_title": "Promo 1",
    "feature1_description": "Optional description can go here",
    "feature1_button": "",
    "feature2_enabled": true,
    "feature2_link": "http://help.outofthesandbox.com/",
    "feature2_title": "Promo 2",
    "feature2_description": "Visit the Out of the Sandbox Support Center for Turbo-related articles and how-tos",
    "feature2_button": "",
    "feature3_enabled": true,
    "feature3_link": "",
    "feature3_title": "Promo 3",
    "feature3_description": "Publish Turbo as your main theme when you're ready to launch!",
    "feature3_button": "",
    "feature4_enabled": true,
    "feature4_link": "https://twitter.com/outofthesandbox",
    "feature4_title": "Promo 4",
    "feature4_description": "Let us know when your new shop launches on Twitter",
    "feature4_button": "",
    "feature5_enabled": false,
    "feature5_link": "",
    "feature5_title": "",
    "feature5_description": "",
    "feature5_button": "",
    "feature6_enabled": false,
    "feature6_link": "",
    "feature6_title": "",
    "feature6_description": "",
    "feature6_button": "",
    "feature7_enabled": false,
    "feature7_link": "",
    "feature7_title": "",
    "feature7_description": "",
    "feature7_button": "",
    "feature8_enabled": false,
    "feature8_link": "",
    "feature8_title": "",
    "feature8_description": "",
    "feature8_button": "",
    "frontpage_linklist": "",
    "frontpage_collections_per_row": "1",
    "frontpage_text_align": "left",
    "frontpage_collection": "frontpage",
    "frontpage_collection_style": "slider",
    "frontpage_products_per_row": "4",
    "frontpage_collection2": "",
    "frontpage_collection_style2": "grid",
    "frontpage_products_per_row2": "4",
    "frontpage_collection_full": "",
    "frontpage_display_description": false,
    "frontpage_product_stagger": true,
    "homepage1": "frontpage",
    "homepage2": "",
    "homepage3": "",
    "blog_widget_select": "news",
    "home_page_articles": "4",
    "slideshow_text_animation": "fadeIn",
    "slideshow_text_background": false,
    "slidespeed": "6000",
    "slide1_enabled": true,
    "slide1_alt_text": "",
    "slide1_pretext": "A full-width slideshow",
    "slide1_headline": "This is a big heading",
    "slide1_subtitle": "This is a subheading where you can include more text if you wish",
    "slide1_text_position": "right",
    "slide1_text_align": "right",
    "slide1_button1_text": "",
    "slide1_button1_link": "",
    "slide1_button1_highlight": false,
    "slide1_button2_text": "",
    "slide1_button2_link": "",
    "slide1_button2_highlight": false,
    "slide2_enabled": true,
    "slide2_alt_text": "",
    "slide2_pretext": "",
    "slide2_headline": "Just a banner heading here",
    "slide2_subtitle": "",
    "slide2_text_position": "center",
    "slide2_text_align": "center",
    "slide2_button1_text": "Button 1",
    "slide2_button1_link": "",
    "slide2_button1_highlight": true,
    "slide2_button2_text": "Button 2",
    "slide2_button2_link": "",
    "slide2_button2_highlight": false,
    "slide3_enabled": false,
    "slide3_alt_text": "",
    "slide3_pretext": "",
    "slide3_headline": "",
    "slide3_subtitle": "",
    "slide3_text_position": "left",
    "slide3_text_align": "left",
    "slide3_button1_text": "",
    "slide3_button1_link": "",
    "slide3_button1_highlight": false,
    "slide3_button2_text": "",
    "slide3_button2_link": "",
    "slide3_button2_highlight": false,
    "slide4_enabled": false,
    "slide4_alt_text": "",
    "slide4_pretext": "",
    "slide4_headline": "",
    "slide4_subtitle": "",
    "slide4_text_position": "left",
    "slide4_text_align": "left",
    "slide4_button1_text": "",
    "slide4_button1_link": "",
    "slide4_button1_highlight": false,
    "slide4_button2_text": "",
    "slide4_button2_link": "",
    "slide4_button2_highlight": false,
    "slide5_enabled": false,
    "slide5_alt_text": "",
    "slide5_pretext": "",
    "slide5_headline": "",
    "slide5_subtitle": "",
    "slide5_text_position": "left",
    "slide5_text_align": "left",
    "slide5_button1_text": "",
    "slide5_button1_link": "",
    "slide5_button1_highlight": false,
    "slide5_button2_text": "",
    "slide5_button2_link": "",
    "slide5_button2_highlight": false,
    "slide6_enabled": false,
    "slide6_alt_text": "",
    "slide6_pretext": "",
    "slide6_headline": "",
    "slide6_subtitle": "",
    "slide6_text_position": "left",
    "slide6_text_align": "left",
    "slide6_button1_text": "",
    "slide6_button1_link": "",
    "slide6_button1_highlight": false,
    "slide6_button2_text": "",
    "slide6_button2_link": "",
    "slide6_button2_highlight": false,
    "banner_video_source": "youtube",
    "aspect_ratio": "16:9",
    "banner_video_autoloop": false,
    "banner_video_autoplay": false,
    "banner_video_text": false,
    "video_dark_overlay": false,
    "banner_video_id": "eGyhA-DIYvg",
    "banner_video_mp4": "",
    "banner_video_ogv": "",
    "video_pretext": "Full-width video section",
    "video_headline": "Optional heading here",
    "video_subtitle": "",
    "video_text_position": "center",
    "video_text_align": "center",
    "video_button1_text": "Play Video",
    "video_button1_link": "",
    "video_button1_highlight": true,
    "video_button2_text": "",
    "video_button2_link": "",
    "video_button2_highlight": false,
    "twitter_widget": false,
    "twitter_username": "",
    "twitter_theme": "light",
    "tweet_count": "3",
    "instagram_widget": false,
    "instagram_client_id": "",
    "instagram_title": "Instagram",
    "instagram_count": "4",
    "product_breadcrumb": true,
    "display_tags": true,
    "display_type": true,
    "display_sku": false,
    "display_collections": true,
    "display_related_products": true,
    "products_per_slide": "3",
    "activate_autoplay": false,
    "product_description_position": "bottom",
    "products_per_row": "4",
    "pagination_limit": "24",
    "collection_breadcrumb": true,
    "collection_tags": true,
    "collection_sort": true,
    "display_collection_title": true,
    "display_vendor_collection": false,
    "collection_banner_enabled": false,
    "display_collection_header_title": false,
    "contact_address": "",
    "zoom_level": "15",
    "contact_banner_enabled": true,
    "image_contact_headline": "",
    "image_contact_subtitle": "",
    "blog_posts_per_page": "6",
    "blog_articles_per_row": "3",
    "blog_breadcrumb": true,
    "blog_tags": true,
    "blog_author": true,
    "blog_date": true,
    "blog_comment_count": true,
    "read_more_link": true,
    "blog_additional_articles": true,
    "sidebar_enabled": false,
    "blog_search": true,
    "blog_newsletter": true,
    "display_recent_articles": false,
    "blog_sidebar_tags": true,
    "blog_content_page": "",
    "article_banner_enabled": false,
    "article_banner_darken": true,
    "blog_banner_enabled": false,
    "image_blog_headline": "",
    "image_blog_subtitle": "",
    "use_newsletter_image": true,
    "newsletter_img_alt_text": "",
    "newsletter_banner": true,
    "use_newsletter_section_bg_image": false,
    "newsletter_section_text_align": "center",
    "display_social_buttons": true,
    "social_icons_header": true,
    "social_icons_footer": true,
    "icon_btn_color": "#969696",
    "icon_btn_text_color": "#FFFFFF",
    "quick_shop_color": "#000000",
    "slideshow_arrows": "0",
    "home_blog_slider": "0",
    "promo_banner_global": false,
    "side_cart_position": "right",
    "slideshow_subtitle_typeface_method": "google_webfonts",
    "headline_animation": "fadeIn",
    "share_banner_color": "#007a87",
    "dropdown_column_links": "10",
    "content_top_padding": "100",
    "tab_background_color": "#ffffff",
    "mobile_header_bg_color": "#666666",
    "mobile_menu_color": "black",
    "shop_use_content_bg_color": false,
    "shop_content_bg_color": "",
    "shop_use_home_page_content_bg_color": true,
    "logo_typeface_method": "google_webfonts",
    "logo_websafe_font": "Helvetica, Arial, sans-serif",
    "logo_color_home": "#ffffff",
    "headline_typeface_method": "google_webfonts",
    "headline_websafe_font": "'HelveticaNeue-Light', 'Helvetica Neue Light', 'Helvetica Neue', Helvetica, Arial, sans-serif",
    "nav_typeface_method": "google_webfonts",
    "nav_websafe_font": "'Lucida Grande', 'Lucida Sans Unicode', 'Lucida Sans', Lucida, Helvetica, Arial, sans-serif",
    "regular_typeface_method": "websafe",
    "regular_websafe_font": "'HelveticaNeue-Light', 'Helvetica Neue Light', 'Helvetica Neue', Helvetica, Arial, sans-serif",
    "slideshow_1_enabled": true,
    "homepage_arrow": true,
    "image_1_height": "550",
    "image_1_alt_text": "",
    "image_1_text_color": "#ffffff",
    "image_1_button_text": "",
    "image_1_link": "",
    "slideshow_2_enabled": false,
    "image_2_position": "3",
    "image_2_height": "550",
    "image_2_alt_text": "",
    "image_2_text_color": "#ffffff",
    "image_2_button_text": "",
    "image_2_link": "",
    "slideshow_3_enabled": false,
    "image_3_position": "5",
    "image_3_height": "550",
    "image_3_alt_text": "",
    "image_3_text_color": "#ffffff",
    "image_3_button_text": "",
    "image_3_link": "",
    "slideshow_4_enabled": false,
    "image_4_position": "7",
    "image_4_height": "600",
    "image_4_alt_text": "",
    "image_4_text_color": "#ffffff",
    "image_4_button_text": "",
    "image_4_link": "",
    "slideshow_5_enabled": false,
    "image_5_position": "10",
    "image_5_height": "550",
    "image_5_alt_text": "",
    "image_5_text_color": "#ffffff",
    "image_5_button_text": "",
    "image_5_link": "",
    "slideshow_6_enabled": false,
    "image_6_position": "2",
    "image_6_height": "550",
    "image_6_alt_text": "",
    "image_6_text_color": "#ffffff",
    "image_6_button_text": "",
    "image_6_link": "",
    "content_1_position": "4",
    "content_2_position": "6",
    "content_3_position": "10",
    "featured_links_position": "2",
    "featured_links": true,
    "featured_links_count": "3",
    "featured_collections_position": "15",
    "featured_products_position": "8",
    "featured_product_position": "9",
    "featured_blog_position": "13",
    "featured_social_position": "14",
    "instagram_username": "",
    "product_slideshow_animation": "slide",
    "add_to_cart_text": "Add to Cart",
    "related_products_title": "Related Items",
    "inventory_left_text": "items left",
    "homepage_sidebar": false,
    "collection_sidebar_vendor_text": "Vendors",
    "tags_text": "Filter",
    "side_cart_enabled": true,
    "tax_included": false,
    "shipping_calculator_heading": "Shipping rates calculator",
    "shipping_calculator_submit_button_label": "Calculate shipping rates",
    "shipping_calculator_submit_button_label_disabled": "Calculating...",
    "constrain_logo": true,
    "total_text": "TOTAL",
    "display_social_buttons_blog": true,
    "newsletter_enabled": true,
    "newsletter_description": "Sign up to get the latest on sales, new releases and more …",
    "newsletter_success_text": "Thank you for joining our mailing list!",
    "newsletter_system": "shopify",
    "flickr_link": "",
    "newsletter_popup_page": "",
    "newsletter_popup_max_width": "600",
    "blog_widget": "false",
    "instagram_tag_name": "",
    "slideshow_menu": "true",
    "cart_return": "checkout",
    "side_cart_button_position": "bottom",
    "nav_active_color": "#B8C6C6",
    "quick_shop_text": "Quick View",
    "newsletter_text": "News & Updates",
    "footer_link_color": "#55c0d4",
    "footer_link_color_hover": "#fc4c02",
    "footer_color": "#16161d",
    "footer_text_color": "#ffffff",
    "featured_text": "#ffffff",
    "feature1_text": "420x265",
    "feature2_text": "420x265",
    "feature3_text": "420x265",
    "featured_links_weight": "bold",
    "social_icons_enabled": "true",
    "headline_sub_footer_text_color": "#404040",
    "sections": {
      "header": {
        "type": "header",
        "settings": {
          "promo_text": "<p>Now offering convenient delivery options. <a href=\"/pages/faq\" title=\"FAQ\"><strong>Learn more</strong></a></p>",
          "social_icons_header": true,
          "phone_number": "1-800-555-5555",
          "top_bar_menu": "top-bar",
          "show_cart": true,
          "cart_icon": "bag",
          "show_locale_selector": true,
          "show_currency_selector": true,
          "logo_display_width": 200,
          "logo": "shopify://shop_images/florence-logo-navy.png",
          "logo_mobile": "shopify://shop_images/florence-logo-navy.png",
          "main_linklist": "main-menu-1",
          "main_linklist2": "mm2",
          "vertical_menu": false,
          "dropdown_click": true,
          "search_enabled": false,
          "fixed_header": true,
          "logo_position": "center",
          "logo_alignment": "center",
          "menu_position": "inline",
          "menu_alignment": "center"
        }
      },
      "footer": {
        "type": "footer",
        "blocks": {
          "footer-0": {
            "type": "logo",
            "settings": {
              "image": "shopify://shop_images/flo-footer-logo-grey.png",
              "text_align": "left",
              "social_icons_footer": false
            }
          },
          "1516129388214": {
            "type": "empty",
            "settings": {
              "social_icons_footer": false
            }
          },
          "1517272349437": {
            "type": "link_list",
            "settings": {
              "menu": "our-shop",
              "social_icons_footer": false
            }
          },
          "1517271848854": {
            "type": "link_list",
            "settings": {
              "menu": "footer",
              "social_icons_footer": false
            }
          },
          "1515003568123": {
            "type": "text",
            "settings": {
              "title": "Courtesy",
              "content": "<p>All of the beautiful jewellery in this demo shop is courtesy of <a href=\"https://www.whitespacejewelry.com/\" title=\"https://www.whitespacejewelry.com/\">White/Space</a>. <br/><br/>Images sourced from <a href=\"https://www.whitespacejewelry.com/\" title=\"https://www.whitespacejewelry.com/\">White/Space</a>, <a href=\"https://unsplash.com/\" title=\"https://unsplash.com/\">Unsplash</a>, and <a href=\"https://burst.shopify.com/?utm_source=admin&amp;utm_medium=stock_image_picker_api&amp;utm_content=free_photos\" title=\"https://burst.shopify.com/?utm_source=admin&amp;utm_medium=stock_image_picker_api&amp;utm_content=free_photos\">Burst</a>.</p>",
              "social_icons_footer": true
            }
          }
        },
        "block_order": [
          "footer-0",
          "1516129388214",
          "1517272349437",
          "1517271848854",
          "1515003568123"
        ],
        "settings": {
          "copyright_text": "",
          "display_designed_by": true,
          "display_payment_methods": true,
          "show_locale_selector": true,
          "show_currency_selector": false
        }
      },
      "1489283919239": {
        "type": "featured-collection",
        "settings": {
          "title": "",
          "collection_description": true,
          "collection": "frontpage",
          "collection_style": "grid",
          "products_per": 4,
          "products_limit": 8,
          "css_class": "",
          "custom_css": ""
        }
      },
      "1489284503681": {
        "type": "image-text",
        "blocks": {
          "1489284503681-0": {
            "type": "image",
            "settings": {
              "image": "shopify://shop_images/info-bw.jpg",
              "image_crop": "none",
              "title": "Our Story",
              "text": "<p>We design for our fellow modern woman - mothers,<br/> sisters, friends, confidants, rulebreakers, entreprenuers,<br/> badasses - all gorgeously complex individuals and an <br/>endless source of inspiration. </p>",
              "button_label": "Read More",
              "link": "shopify://pages/about",
              "bg_color": "",
              "text_color": ""
            }
          }
        },
        "block_order": [
          "1489284503681-0"
        ],
        "settings": {
          "wide_display": true,
          "featured_links_per_row": "1",
          "frontpage_text_align": "left",
          "frontpage_image_position": "row-reverse",
          "css_class": "",
          "custom_css": ""
        }
      },
      "1489285367207": {
        "type": "newsletter",
        "settings": {
          "wide_display": true,
          "display_first_name": false,
          "display_last_name": false,
          "newsletter_title": "Join our VIP club",
          "newsletter_text": "<p>Subscribe to our monthly newsletter for sneak peeks at new collections and early access to promos and flash sales!</p>",
          "newsletter_section_text_align": "center",
          "image": "shopify://shop_images/pattern-bgr2a.jpg",
          "css_class": "",
          "custom_css": ""
        }
      },
      "collection-template": {
        "type": "collection-template",
        "blocks": {
          "1515170889403": {
            "type": "filter",
            "settings": {
              "filter_name": "Metal",
              "filter_tags": "White Gold, Yellow Gold, Rose Gold, Sterling Silver",
              "enable_filter_swatches": false
            }
          },
          "1515169528588": {
            "type": "text",
            "settings": {
              "title": "our materials",
              "text": "<p>All of the raw precious metals we use are made from recycled material, purchased from green certified refineries that meet the highest standards for ethical sourcing and minimal environmental impact.&nbsp;</p>"
            }
          },
          "1515169223425": {
            "type": "recently_viewed",
            "settings": {
              "sidebar_rv_title": "Recently Viewed",
              "sidebar_rv_per": 2
            }
          }
        },
        "block_order": [
          "1515170889403",
          "1515169528588",
          "1515169223425"
        ],
        "settings": {
          "featured_collection_image": true,
          "wide_display": true,
          "image": "shopify://shop_images/diamond-ringl.jpg",
          "display_collection_title": true,
          "collection_breadcrumb": false,
          "collection_tags": true,
          "collection_sort": true,
          "products_per_row": 3,
          "pagination_limit": 12,
          "toggle": false
        }
      },
      "newsletter": {
        "type": "newsletter",
        "settings": {
          "wide_display": true,
          "display_first_name": false,
          "display_last_name": false,
          "newsletter_title": "join our vip club",
          "newsletter_text": "<p>Subscribe to our monthly newsletter for sneak peeks at new collections and early access to promos and flash sales!</p>",
          "newsletter_section_text_align": "center",
          "image": "shopify://shop_images/pattern-bgr2.jpg",
          "css_class": "",
          "custom_css": ""
        }
      },
      "product-template": {
        "type": "product-template",
        "settings": {
          "product_thumbs": true,
          "gallery_arrows": true,
          "enable_product_lightbox": true,
          "activate_zoom": false,
          "slideshow_speed": 0,
          "slideshow_animation": "slide",
          "thumbnail_position": "bottom",
          "enable_thumbnail_slider": true,
          "display_vendor": false,
          "product_breadcrumb": true,
          "display_sku": false,
          "display_collections": false,
          "display_type": false,
          "display_tags": false,
          "display_social_buttons": true,
          "product_description_position": "top",
          "display_savings": true,
          "show_payment_button": false,
          "product_images_position": "left",
          "set_product_height": false,
          "product_height": 500,
          "video_looping": false,
          "enable_shopify_product_badges": false,
          "review_position": "below_gallery",
          "display_recently_viewed": false,
          "rv_title": "Recently Viewed Items",
          "rv_products_style": "slider",
          "rv_max_display": 5,
          "rv_per": 5
        }
      },
      "product-details-template": {
        "type": "product-details-template",
        "blocks": {
          "product-details-template-4": {
            "type": "image_with_text_overlay",
            "settings": {
              "wide_display": true,
              "image": "shopify://shop_images/flair.jpg",
              "pretext": "",
              "title": "give your product pages some flair",
              "subtitle": "<p>with Turbo's unique \"product details\" template</p>",
              "button1": "read more",
              "button1_link": "https://help.outofthesandbox.com/hc/en-us/articles/115006910647",
              "button1_style": "global-button--primary",
              "button2": "",
              "button2_style": "global-button--banner",
              "text_position": "left",
              "text_align": "center",
              "caption_content_background": "original",
              "mobile_image_crop": "none",
              "mobile_text_below_image": true,
              "mobile_text_color": ""
            }
          },
          "1515091009596": {
            "type": "divider",
            "settings": {
              "divider_spacing": 20,
              "divider_border": false
            }
          },
          "1515089489541": {
            "type": "rich_text_and_image",
            "settings": {
              "title": "",
              "content": "<p>When you apply the <em>product.details</em> template to one or more of your products, you will have some additional settings available that will allow you to add some extra content blocks to your product page. You can then add content below your main product area, such as a Rich text and image section,<strong> </strong>Image gallery (3 photos per row), a full-width <strong>I</strong>mage with text overlay, or an Image with text which has text on one side and an image on the other. You can even control the spacing between all these additional content blocks by adding a &quot;divider&quot; section!</p><p></p><p></p>",
              "button_label": "",
              "text_size": "featured_text",
              "text_alignment": "center"
            }
          },
          "1515089499610": {
            "type": "divider",
            "settings": {
              "divider_spacing": 20,
              "divider_border": false
            }
          },
          "1517942735093": {
            "type": "image_gallery",
            "settings": {
              "wide_display": true,
              "detail_image_1": "shopify://shop_images/deet1.jpg",
              "detail_image_2": "shopify://shop_images/deet2.jpg",
              "detail_image_3": "shopify://shop_images/deet3.jpg"
            }
          },
          "1517955962886": {
            "type": "divider",
            "settings": {
              "divider_spacing": 20,
              "divider_border": false
            }
          }
        },
        "block_order": [
          "product-details-template-4",
          "1515091009596",
          "1515089489541",
          "1515089499610",
          "1517942735093",
          "1517955962886"
        ],
        "settings": {
          "product_thumbs": true,
          "gallery_arrows": true,
          "enable_product_lightbox": true,
          "activate_zoom": true,
          "slideshow_speed": 0,
          "slideshow_animation": "slide",
          "thumbnail_position": "bottom",
          "enable_thumbnail_slider": true,
          "display_vendor": false,
          "product_breadcrumb": true,
          "display_sku": false,
          "display_collections": false,
          "display_type": false,
          "display_tags": false,
          "display_social_buttons": true,
          "product_description_position": "top",
          "display_savings": true,
          "show_payment_button": false,
          "product_images_position": "left",
          "set_product_height": false,
          "product_height": 500,
          "video_looping": false,
          "enable_shopify_product_badges": false,
          "enable_reviews_in_description": false
        }
      },
      "page-details-template": {
        "type": "page-details-template",
        "blocks": {
          "177fcd19-65d9-4a4f-8da6-2dd66c3333ab": {
            "type": "image_with_text_overlay",
            "settings": {
              "wide_display": true,
              "image": "shopify://shop_images/bangles.jpg",
              "pretext": "",
              "title": "A Tale of a Modern Fine Jeweller",
              "subtitle": "",
              "button1": "",
              "button1_style": "global-button--banner",
              "button2": "",
              "button2_style": "global-button--banner",
              "text_position": "left",
              "text_align": "left",
              "caption_content_background": "original",
              "mobile_image_crop": "none",
              "mobile_text_below_image": true,
              "mobile_text_color": "rgba(0,0,0,0)"
            }
          },
          "page-details-template-1": {
            "type": "divider",
            "settings": {
              "divider_spacing": 20,
              "divider_border": false
            }
          },
          "page-details-template-2": {
            "type": "rich_text_and_image",
            "settings": {
              "title": "Using the page.details Template",
              "content": "<p>This page is using the new <em>page.details</em> template, which contains many content options similar to those available on the home page. For example, you can add an image gallery, contact form, Google map, quote, image with text overlay and even insert another page! For full instructions on how to set up and use this template, please see our <a href=\"https://help.outofthesandbox.com/hc/en-us/articles/115008759968\" title=\"https://help.outofthesandbox.com/hc/en-us/articles/115008759968\">Page Details support article</a>.</p>",
              "button_label": "",
              "text_size": "regular_text",
              "text_alignment": "center"
            }
          },
          "page-details-template-5": {
            "type": "divider",
            "settings": {
              "divider_spacing": 20,
              "divider_border": false
            }
          },
          "1510950449868": {
            "type": "image_with_text",
            "settings": {
              "wide_display": true,
              "frontpage_text_align": "left",
              "frontpage_image_position": "row-reverse",
              "image": "shopify://shop_images/fashion-model-in-pink.jpg",
              "image_crop": "none",
              "title": "Tell us about your company",
              "text": "<p>A great &quot;About&quot; or &quot;Our Story&quot; page helps builds trust between you and your customers. The more content you provide about you and your business, the more confident people will be when purchasing from your store. An interesting and authentic About page<a href=\"https://www.shopify.ca/blog/6109584-how-to-use-your-about-page-to-increase-ecommerce-sales\"> can even increase sales</a>, so spend time crafting a compelling one using this flexible page.details templatel!</p>",
              "link": "https://help.outofthesandbox.com/hc/en-us/articles/115009903827-Advanced-page-layouts-using-the-page-details-template-",
              "button_label": "Read more"
            }
          },
          "1516910940977": {
            "type": "map",
            "settings": {
              "map_wide_display": true,
              "map_address": "florence, italy",
              "map_height": 450,
              "zoom_level": 15,
              "api_key": "",
              "show_pin": false,
              "map_style": "silver"
            }
          },
          "page-details-template-11": {
            "type": "divider",
            "settings": {
              "divider_spacing": 20,
              "divider_border": false
            }
          },
          "1515097203124": {
            "type": "featured_collection",
            "settings": {
              "title": "Staff Picks",
              "collection_description": false,
              "collection": "rings",
              "collection_style": "slider",
              "products_per": 5,
              "products_limit": 6
            }
          },
          "page-details-template-9": {
            "type": "divider",
            "settings": {
              "divider_spacing": 20,
              "divider_border": false
            }
          },
          "1510949417628": {
            "type": "image_gallery",
            "settings": {
              "wide_display": true,
              "detail_image_1": "shopify://shop_images/gallery3.jpg",
              "detail_image_2": "shopify://shop_images/gallery2.png",
              "detail_image_3": "shopify://shop_images/shop.continuity_pearl_nklc_front_1024x1024_5898d0ce-8f91-4766-bde2-148b05b425ce.png"
            }
          },
          "page-details-template-17": {
            "type": "divider",
            "settings": {
              "divider_spacing": 20,
              "divider_border": false
            }
          }
        },
        "block_order": [
          "177fcd19-65d9-4a4f-8da6-2dd66c3333ab",
          "page-details-template-1",
          "page-details-template-2",
          "page-details-template-5",
          "1510950449868",
          "1516910940977",
          "page-details-template-11",
          "1515097203124",
          "page-details-template-9",
          "1510949417628",
          "page-details-template-17"
        ],
        "settings": {}
      },
      "blog-template": {
        "type": "blog-template",
        "blocks": {
          "1510948981359": {
            "type": "search",
            "settings": {}
          },
          "1515094813511": {
            "type": "recent_posts",
            "settings": {
              "blog_post_count": "10"
            }
          },
          "1510948989642": {
            "type": "post_tags",
            "settings": {}
          },
          "1510948997688": {
            "type": "newsletter",
            "settings": {
              "newsletter_title": "join our vip club",
              "newsletter_text": "<p>Subscribe to our newsletter for sneak peeks at new collections and&nbsp;early access to flash sales!</p>"
            }
          }
        },
        "block_order": [
          "1510948981359",
          "1515094813511",
          "1510948989642",
          "1510948997688"
        ],
        "settings": {
          "wide_display": true,
          "image": "shopify://shop_images/BW-double.jpg",
          "subtitle": "",
          "blog_posts_per_row": 3,
          "blog_posts_per_page": 8,
          "blog_tags": false,
          "blog_author": false,
          "read_time": true,
          "blog_date": true,
          "blog_comment_count": false,
          "read_more_link": false,
          "toggle": true
        }
      },
      "article-template": {
        "type": "article-template",
        "settings": {
          "featured_image": "banner",
          "wide_display": true,
          "blog_breadcrumb": true,
          "blog_pagination": true,
          "blog_tags": false,
          "blog_byline": false,
          "read_time": true,
          "blog_date": true,
          "blog_author": false,
          "display_social_buttons": true,
          "blog_comment_count": true,
          "blog_additional_posts": true,
          "read_more_link": false,
          "toggle": false
        }
      },
      "page-gallery-template": {
        "type": "page-gallery-template",
        "blocks": {
          "1511541167047": {
            "type": "image",
            "settings": {
              "image": "shopify://shop_images/SHOP.SEZIO_LOOKBOOK_1024x1024_bcd035f2-b5e5-49bb-b68e-23284c232951.jpg",
              "image_link": ""
            }
          },
          "1511541184590": {
            "type": "image",
            "settings": {
              "image": "shopify://shop_images/linea-1.png",
              "image_link": ""
            }
          },
          "1511541276097": {
            "type": "image",
            "settings": {
              "image": "shopify://shop_images/linea-2.png",
              "image_link": ""
            }
          },
          "1511541322328": {
            "type": "image",
            "settings": {
              "image": "shopify://shop_images/linea-3.png",
              "image_link": ""
            }
          },
          "1511541525152": {
            "type": "image",
            "settings": {
              "image": "shopify://shop_images/linea-5.png",
              "image_link": ""
            }
          },
          "1511541554234": {
            "type": "image",
            "settings": {
              "image": "shopify://shop_images/linea-6.png",
              "image_link": ""
            }
          },
          "1511541585905": {
            "type": "image",
            "settings": {
              "image": "shopify://shop_images/linea-7.png",
              "image_link": ""
            }
          },
          "1511541374490": {
            "type": "image",
            "settings": {
              "image": "shopify://shop_images/Whitespace_1003_copyBOOK_SIZE_1024x1024_056ee827-b856-420d-a672-351a9124afd4.jpg",
              "image_link": ""
            }
          },
          "1511541703994": {
            "type": "image",
            "settings": {
              "image": "shopify://shop_images/linea-9.png",
              "image_link": ""
            }
          }
        },
        "block_order": [
          "1511541167047",
          "1511541184590",
          "1511541276097",
          "1511541322328",
          "1511541525152",
          "1511541554234",
          "1511541585905",
          "1511541374490",
          "1511541703994"
        ],
        "settings": {
          "show_divider": false,
          "wide_display": false,
          "gallery_type": "masonry",
          "grid-size": 3,
          "enable_lightbox": true
        }
      },
      "1515007572392": {
        "type": "text-columns-with-images",
        "blocks": {
          "1515007572392-0": {
            "type": "text_block",
            "settings": {
              "enable_image": true,
              "image": "shopify://shop_images/Linea_Pave_Threaders_RG_Black_Diamonds_1024x1024_2000x_e9eec328-7765-49e2-82bf-d6ef1c3bc77a.png",
              "title": "",
              "heading_size": "regular_text",
              "text": "",
              "button_label": "",
              "button_link": "shopify://products/pave-linea-threader-black-diamond",
              "align_text": "left",
              "border_style": "none"
            }
          },
          "1515007572392-1": {
            "type": "text_block",
            "settings": {
              "enable_image": false,
              "title": "PAVÉ LINEA THREADER",
              "heading_size": "large_text",
              "text": "<p>Virtually weightless, you&#x27;ll forget you have them on until someone asks you where you got them, because they&#x27;re so damn cool.</p>",
              "button_label": "try it on",
              "button_link": "shopify://products/pave-linea-threader-black-diamond",
              "align_text": "left",
              "border_style": "none"
            }
          },
          "1515007647334": {
            "type": "text_block",
            "settings": {
              "enable_image": true,
              "image": "shopify://shop_images/rose-cont.jpg",
              "title": "",
              "heading_size": "regular_text",
              "text": "",
              "button_label": "",
              "button_link": "",
              "align_text": "left",
              "border_style": "none"
            }
          },
          "1515007671941": {
            "type": "text_block",
            "settings": {
              "enable_image": false,
              "title": "Continuity ring",
              "heading_size": "large_text",
              "text": "<p>An elegant oval holds a 3pt diamond that seems to float on the finger. Bold and delicate at the same time - minimal with a bit of surrealist magic.</p>",
              "button_label": "Try it on",
              "button_link": "shopify://products/continuity-ring",
              "align_text": "left",
              "border_style": "none"
            }
          }
        },
        "block_order": [
          "1515007572392-0",
          "1515007572392-1",
          "1515007647334",
          "1515007671941"
        ],
        "settings": {
          "title": "",
          "css_class": "",
          "custom_css": ""
        }
      },
      "product-full-width-images-template": {
        "type": "product-full-width-images-template",
        "settings": {
          "product_thumbs": true,
          "gallery_arrows": true,
          "enable_product_lightbox": true,
          "activate_zoom": true,
          "slideshow_speed": 0,
          "slideshow_animation": "slide",
          "thumbnail_position": "left-thumbnails",
          "enable_thumbnail_slider": true,
          "display_vendor": true,
          "product_breadcrumb": true,
          "display_sku": false,
          "display_collections": true,
          "display_type": true,
          "display_tags": true,
          "display_social_buttons": true,
          "product_description_position": "top",
          "display_savings": true,
          "show_payment_button": false,
          "product_images_position": "left",
          "set_product_height": false,
          "product_height": 500,
          "video_looping": false,
          "enable_shopify_product_badges": false,
          "review_position": "next_to_gallery",
          "display_recently_viewed": false,
          "rv_title": "Recently Viewed",
          "rv_products_style": "grid",
          "rv_max_display": 3,
          "rv_per": 3
        }
      },
      "product-description-bottom-template": {
        "type": "product-description-bottom-template",
        "settings": {
          "product_thumbs": true,
          "gallery_arrows": true,
          "enable_product_lightbox": true,
          "activate_zoom": true,
          "slideshow_speed": 0,
          "slideshow_animation": "slide",
          "thumbnail_position": "left-thumbnails",
          "enable_thumbnail_slider": true,
          "display_vendor": true,
          "product_breadcrumb": true,
          "display_sku": false,
          "display_collections": true,
          "display_type": true,
          "display_tags": true,
          "display_social_buttons": true,
          "display_savings": true,
          "show_payment_button": false,
          "product_images_position": "left",
          "set_product_height": false,
          "product_height": 500,
          "video_looping": false,
          "enable_shopify_product_badges": false,
          "review_position": "next_to_gallery",
          "display_recently_viewed": false,
          "rv_title": "Recently Viewed",
          "rv_products_style": "slider",
          "rv_max_display": 5,
          "rv_per": 3
        }
      },
      "contact-template": {
        "type": "contact-template",
        "settings": {
          "wide_display": true,
          "image": "shopify://shop_images/prod.jpg",
          "contact_text": "",
          "show_map": false,
          "map_wide_display": true,
          "map_address": "",
          "map_height": 400,
          "zoom_level": 12,
          "map_image": "",
          "api_key": "",
          "show_pin": true,
          "map_style": "default"
        }
      },
      "cart-template": {
        "type": "cart-template",
        "blocks": {
          "1541169778803": {
            "type": "featured_collection",
            "settings": {
              "title": "You may also be interested in:",
              "collection_description": true,
              "collection": "homepage-highlights",
              "collection_style": "slider",
              "products_per": 5,
              "products_limit": 14
            }
          }
        },
        "block_order": [
          "1541169778803"
        ],
        "settings": {
          "display_special_instructions": false,
          "display_savings": true,
          "cart_message": ""
        }
      },
      "1516121628119": {
        "type": "search-section",
        "settings": {
          "search_title": "Search our shop",
          "search_text": "",
          "search_section_text_align": "center",
          "search_term": "Find your next favorite piece",
          "css_class": "",
          "custom_css": ""
        }
      },
      "password-template": {
        "type": "password-template",
        "settings": {
          "custom_logo": "shopify://shop_images/florence-logo-navy.png",
          "logo_width": 280,
          "custom_pagework_page_bg": true,
          "password-page-background": "shopify://shop_images/collec-rings.jpg",
          "pagework_page_bg_stretched": true,
          "password_message": "",
          "show_newsletter": true,
          "password_text": "",
          "social_media": true
        }
      },
      "1516141567792": {
        "type": "featured-promotions",
        "blocks": {
          "1516141567792-1": {
            "type": "image",
            "settings": {
              "image": "shopify://shop_images/promo-hand1.jpg",
              "link": "shopify://collections/earrings",
              "title": "live. love. sparkle.",
              "text": "<p>Explore our stunning collection of scene-stealing earrings.</p>",
              "button_label": "shop earrings"
            }
          },
          "1516141567792-0": {
            "type": "image",
            "settings": {
              "image": "shopify://shop_images/promo-hand2.jpg",
              "link": "shopify://collections/rings",
              "title": "rings galore",
              "text": "<p>Styles for every woman, hand and finger.</p>",
              "button_label": "shop rings"
            }
          }
        },
        "block_order": [
          "1516141567792-1",
          "1516141567792-0"
        ],
        "settings": {
          "wide_display": true,
          "promo_text_on_image_enabled": true,
          "featured_promos_per_row": 2,
          "featured_links_animation": "",
          "feature_style": "square",
          "css_class": "",
          "custom_css": ""
        }
      },
      "1516412564818": {
        "type": "text-columns-with-images",
        "blocks": {
          "1516412705856": {
            "type": "text_block",
            "settings": {
              "enable_image": true,
              "image": "shopify://shop_images/necklace-square.jpg",
              "title": "style + inspiration",
              "heading_size": "regular_text",
              "text": "<p>We find ideas everywhere - from the shape of a vintage drawer handle to the condensation on an outdoor lamp post. <a href=\"/pages/about\" title=\"Our Story\">Watch our master jeweller</a> talk about her creative process.</p>",
              "button_label": "",
              "button_link": "",
              "align_text": "left",
              "border_style": "none"
            }
          },
          "1516412564818-1": {
            "type": "text_block",
            "settings": {
              "enable_image": true,
              "image": "shopify://shop_images/promo-neck.jpg",
              "title": "New design available!",
              "heading_size": "regular_text",
              "text": "<p>Check out our beautiful new <a href=\"/products/carlo-ring\" title=\"CARLO RING\">Carlo Ring</a>! An elegantly bent circle holding an eye-catching sparkling diamond that rests on the edge of a clean flat band. </p>",
              "button_label": "",
              "button_link": "",
              "align_text": "left",
              "border_style": "none"
            }
          },
          "1516412564818-0": {
            "type": "text_block",
            "settings": {
              "enable_image": true,
              "image": "shopify://shop_images/girl-sq1_381ea039-bae0-4529-862b-5f5a7d6ff34a.jpg",
              "title": "Find your ring size",
              "heading_size": "regular_text",
              "text": "<p>Always use our handy ring sizer before you order. Since we cannot exchange custom made rings, this is the best way to ensure the perfect fit.</p>",
              "button_label": "",
              "button_link": "",
              "align_text": "left",
              "border_style": "none"
            }
          }
        },
        "block_order": [
          "1516412705856",
          "1516412564818-1",
          "1516412564818-0"
        ],
        "settings": {
          "title": "",
          "css_class": "",
          "custom_css": ""
        }
      },
      "1516920179454": {
        "type": "testimonial",
        "blocks": {
          "1516920179454-0": {
            "type": "image",
            "settings": {
              "title": "",
              "testimonial": "<p>This shop carries the most delicate and flattering fine jewelry pieces, it has been my favorite go-to spot for two years running. I look forward to see what they will create next!</p>",
              "name": "Hayden P.",
              "store_name": "influencer.com",
              "link": "",
              "text_position": "center",
              "text_align": "center",
              "mobile_image_crop": "none",
              "caption_content_background": "original"
            }
          },
          "1516920179454-1": {
            "type": "image",
            "settings": {
              "title": "",
              "testimonial": "<p>I bought the <a href=\"/products/treviso-earrings\" title=\"TREVISO EARRINGS\">Treviso earrings</a> as a gift, I was looking for something different, jewelry she could wear everyday. These are perfect. And the presentation is so beautiful. The black box with a felt black bag is very impressive. I can&#x27;t wait wait to present her with my gift!</p>",
              "name": "Jayden B.",
              "store_name": "",
              "link": "",
              "text_position": "center",
              "text_align": "center",
              "mobile_image_crop": "none",
              "caption_content_background": "original"
            }
          },
          "1516920179454-2": {
            "type": "image",
            "settings": {
              "title": "",
              "testimonial": "<p>These are so unique and gorgeous! They add a nice touch to any outfit without being too flashy and they&#x27;re nice and light, not heavy at all. We use them in a lot of our lifestyle photo shoots, and the models always want to take them home!</p>",
              "name": "Melissa K.",
              "store_name": "mkcasting.com",
              "link": "",
              "text_position": "center",
              "text_align": "center",
              "mobile_image_crop": "none",
              "caption_content_background": "original"
            }
          }
        },
        "block_order": [
          "1516920179454-0",
          "1516920179454-1",
          "1516920179454-2"
        ],
        "settings": {
          "wide_display": true,
          "testimonial_text_animation": "",
          "testimonial_speed": 4,
          "activate_adaptiveHeight": false,
          "mobile_text_below_image": true,
          "mobile_text_color": "",
          "css_class": "",
          "custom_css": ""
        }
      },
      "list-collections-template": {
        "type": "list-collections-template",
        "settings": {
          "image": "",
          "collection_breadcrumb": true,
          "display_collection_title": false,
          "align_height": false,
          "collection_height": 200,
          "collections_per_row": 3,
          "pagination_limit": 48,
          "toggle": false
        }
      },
      "page-faq-template": {
        "type": "page-faq-template",
        "blocks": {
          "page-faq-template-0": {
            "type": "heading",
            "settings": {
              "heading": "materials"
            }
          },
          "page-faq-template-1": {
            "type": "Content",
            "settings": {
              "title": "Are the metals you use eco-friendly?",
              "subtitle": "<p>In addition to the time-honored ancient beauty of gold and silver, our jewelry is also crafted from solid precious metals because of their durability and recyclability. We re-use the waste materials of our design and production processes. All of the raw precious metals we use are made from recycled material, purchased from green certified refineries that meet the highest standards for ethical sourcing and minimal environmental impact. We also recycle all of our scraps generated in the development and production process of our jewelry. </p>"
            }
          },
          "page-faq-template-2": {
            "type": "Content",
            "settings": {
              "title": "Where do you get your gemstones from?",
              "subtitle": "<p>All of our stones are conflict-free, from sources that adhere to the Kimberley Process or from Canadian mines. When we wear recycled materials we honor our own power to adapt, reinvent and flourish. It also reduces our carbon footprint. And by using gems sourced from Canadian mines and Kimberly-certified distributors, we support an honest day’s work.<br/><br/>We also use lab-created stones for some of our colored gemstones to further reduce the impact of mining rare natural gems out of the ground. They are visually and chemically the exactly the same as mined stones, but do not contribute to the land destruction and resource depletion in the way that naturally-mined stones do. We offer our custom bridal clients the option to choose lab-created diamonds, which also are exactly the same as natural diamonds, except they don’t require the environmental damage incurred in mining.</p>"
            }
          },
          "page-faq-template-3": {
            "type": "Content",
            "settings": {
              "title": "Where are your products made?",
              "subtitle": "<p>Creating our jewelry in the USA in-house and with small independent producers is an incredibly important aspect of our philosophy. It not only allows us to work closely with the artisans fabricating the jewelry, but it also enables us to deliver handmade pieces to order - keeping a close eye on quality, which we wouldn’t be able to do if we were shipping them from overseas. More importantly, as an American company we want to support other creatives, namely other jewelers, stone setters, casters, CAD artists, and US-based suppliers to the industry. <strong>Our jewelry requires precision in fabrication, and that means skilled work from talented individuals.</strong> A history of quality craftsmanship is part of the American tradition and has in recent history been in danger of being lost forever in various industries.  Even though we’re small, we’re a company creating new products and we want to be part of supporting the revival of that tradition as well as supporting other small businesses.</p>"
            }
          },
          "page-faq-template-5": {
            "type": "Content",
            "settings": {
              "title": "What is your design approach and philosophy?",
              "subtitle": "<p>We’re grounded in a belief that magnificence lies in elegance, not ostentation. Pursuing sophistication in the unexpected, we create thoughtfully designed pieces that are unique, yet crafted to be versatile and cherished for years.  With aesthetic influences hailing from mid-century architecture and ancient goldsmithing to minimalist art and sculpture, ourentire  collection explores the marriage of daring dichotomies—earthy and modern, streamlined and textured, restrained and sexy, delicate and strong.</p>"
            }
          },
          "page-faq-template-4": {
            "type": "heading",
            "settings": {
              "heading": "Shipping + handling"
            }
          },
          "1589564584837": {
            "type": "Content",
            "settings": {
              "title": "Do you offer curbside pickup or local delivery?",
              "subtitle": ""
            }
          },
          "page-faq-template-6": {
            "type": "Content",
            "settings": {
              "title": "Do you ship internationally?",
              "subtitle": "<p>We can ship anywhere in the world but rates vary according to distance. We use UPS and Federal Express, depending on the destination country.  Please <a href=\"/pages/contact-us\" title=\"Contact Us\">contact us</a> for specific rates.</p>"
            }
          },
          "page-faq-template-7": {
            "type": "Content",
            "settings": {
              "title": "Do you offer free shipping?",
              "subtitle": "<p>At this time, we can only offer free standard shipping to Europe or the UK on orders of minimum $100.</p>"
            }
          }
        },
        "block_order": [
          "page-faq-template-0",
          "page-faq-template-1",
          "page-faq-template-2",
          "page-faq-template-3",
          "page-faq-template-5",
          "page-faq-template-4",
          "1589564584837",
          "page-faq-template-6",
          "page-faq-template-7"
        ],
        "settings": {
          "wide_display": true,
          "show_banner": true,
          "image": "shopify://shop_images/thinking.jpg",
          "mobile_image_crop": "none",
          "caption_content_background": "original",
          "pretext": "",
          "title": "Frequently Asked Questions",
          "subtitle": "",
          "text_position": "center",
          "text_align": "center",
          "button1": "",
          "button1_style": "global-button--banner",
          "button2": "",
          "button2_style": "global-button--banner"
        }
      },
      "mega-menu-1": {
        "type": "mega-menu-1",
        "blocks": {
          "1518728437122": {
            "type": "column",
            "settings": {
              "richtext_top": "",
              "image_caption_top": "",
              "image_link_top": "",
              "menu_1": "",
              "menu_1_link": "",
              "menu_2": "",
              "menu_2_link": "",
              "menu_3": "",
              "menu_3_link": "",
              "menu_4": "",
              "menu_4_link": "",
              "image_caption_bottom": "",
              "image_link_bottom": "",
              "richtext_bottom": "<p>We are a brand born of a love for the beauty of restraint in design, the inherent grace of feminine strength, and the necessity to treat our environment and each other with love and respect.</p><p><a href=\"/pages/about\" title=\"Our Story\">Read our story</a></p>"
            }
          },
          "1518728434416": {
            "type": "column",
            "settings": {
              "richtext_top": "",
              "image_top": "shopify://shop_images/MM-earrings.jpg",
              "image_caption_top": "EARRINGS",
              "image_link_top": "shopify://collections/earrings",
              "menu_1": "",
              "menu_1_link": "",
              "menu_2": "",
              "menu_2_link": "",
              "menu_3": "",
              "menu_3_link": "",
              "menu_4": "",
              "menu_4_link": "",
              "image_caption_bottom": "",
              "image_link_bottom": "",
              "richtext_bottom": ""
            }
          },
          "1518728432123": {
            "type": "column",
            "settings": {
              "richtext_top": "",
              "image_top": "shopify://shop_images/MM-necklace2jpg.jpg",
              "image_caption_top": "NECKLACES",
              "image_link_top": "shopify://collections/necklaces",
              "menu_1": "",
              "menu_1_link": "",
              "menu_2": "",
              "menu_2_link": "",
              "menu_3": "",
              "menu_3_link": "",
              "menu_4": "",
              "menu_4_link": "",
              "image_caption_bottom": "",
              "image_link_bottom": "",
              "richtext_bottom": ""
            }
          },
          "1518728429381": {
            "type": "column",
            "settings": {
              "richtext_top": "",
              "image_top": "shopify://shop_images/MM-rings.jpg",
              "image_caption_top": "RINGS",
              "image_link_top": "shopify://collections/rings",
              "menu_1": "",
              "menu_1_link": "",
              "menu_2": "",
              "menu_2_link": "",
              "menu_3": "",
              "menu_3_link": "",
              "menu_4": "",
              "menu_4_link": "",
              "image_caption_bottom": "",
              "image_link_bottom": "",
              "richtext_bottom": ""
            }
          },
          "1518728657656": {
            "type": "column",
            "settings": {
              "richtext_top": "",
              "image_top": "shopify://shop_images/flo-footer-logo-grey.png",
              "image_caption_top": "",
              "image_link_top": "",
              "menu_1": "",
              "menu_1_link": "",
              "menu_2": "",
              "menu_2_link": "",
              "menu_3": "",
              "menu_3_link": "",
              "menu_4": "",
              "menu_4_link": "",
              "image_caption_bottom": "",
              "image_link_bottom": "",
              "richtext_bottom": ""
            }
          }
        },
        "block_order": [
          "1518728437122",
          "1518728434416",
          "1518728432123",
          "1518728429381",
          "1518728657656"
        ],
        "settings": {
          "parent": "Shop"
        }
      },
      "mega-menu-2": {
        "type": "mega-menu-2",
        "blocks": {
          "1520623203710": {
            "type": "column",
            "settings": {
              "richtext_top": "",
              "image_caption_top": "",
              "image_link_top": "",
              "menu_1": "",
              "menu_1_link": "",
              "menu_2": "",
              "menu_2_link": "",
              "menu_3": "",
              "menu_3_link": "",
              "menu_4": "",
              "menu_4_link": "",
              "image_caption_bottom": "",
              "image_link_bottom": "",
              "richtext_bottom": "<p>Each of our carefully researched, styled, tested and distributed collections reflects a particular aesthetic and ethos. We hope some of these speak to your own style, and help you refine and redefine your own look and style philosophy in the process.</p>"
            }
          },
          "1518730444679": {
            "type": "column",
            "settings": {
              "richtext_top": "",
              "image_top": "shopify://shop_images/linea.jpg",
              "image_caption_top": "Linea Collection",
              "image_link_top": "shopify://pages/gallery",
              "menu_1": "",
              "menu_1_link": "",
              "menu_2": "",
              "menu_2_link": "",
              "menu_3": "",
              "menu_3_link": "",
              "menu_4": "",
              "menu_4_link": "",
              "image_caption_bottom": "",
              "image_link_bottom": "",
              "richtext_bottom": ""
            }
          },
          "1518730447419": {
            "type": "column",
            "settings": {
              "richtext_top": "",
              "image_top": "shopify://shop_images/eclipse2a.png",
              "image_caption_top": "Eclipse Collection",
              "image_link_top": "shopify://pages/eclipse-collection",
              "menu_1": "",
              "menu_1_link": "",
              "menu_2": "",
              "menu_2_link": "",
              "menu_3": "",
              "menu_3_link": "",
              "menu_4": "",
              "menu_4_link": "",
              "image_caption_bottom": "",
              "image_link_bottom": "",
              "richtext_bottom": ""
            }
          },
          "1518730450462": {
            "type": "column",
            "settings": {
              "richtext_top": "",
              "image_caption_top": "",
              "image_link_top": "",
              "menu_1": "",
              "menu_1_link": "",
              "menu_2": "",
              "menu_2_link": "",
              "menu_3": "",
              "menu_3_link": "",
              "menu_4": "",
              "menu_4_link": "",
              "image_bottom": "shopify://shop_images/linea-bw.jpg",
              "image_caption_bottom": "Arizona Collection",
              "image_link_bottom": "shopify://pages/arizona-collection",
              "richtext_bottom": ""
            }
          },
          "1519339292332": {
            "type": "column",
            "settings": {
              "richtext_top": "",
              "image_caption_top": "",
              "image_link_top": "",
              "menu_1": "lookbooks",
              "menu_1_link": "",
              "menu_2": "",
              "menu_2_link": "",
              "menu_3": "",
              "menu_3_link": "",
              "menu_4": "",
              "menu_4_link": "",
              "image_caption_bottom": "",
              "image_link_bottom": "",
              "richtext_bottom": ""
            }
          }
        },
        "block_order": [
          "1520623203710",
          "1518730444679",
          "1518730447419",
          "1518730450462",
          "1519339292332"
        ],
        "settings": {
          "parent": "Lookbooks"
        }
      },
      "1519320972087": {
        "type": "divider",
        "settings": {
          "divider_spacing": 20,
          "divider_border": false,
          "css_class": "",
          "custom_css": ""
        }
      },
      "1519330061494": {
        "type": "divider",
        "settings": {
          "divider_spacing": 20,
          "divider_border": false,
          "css_class": "",
          "custom_css": ""
        }
      },
      "1519331962374": {
        "type": "divider",
        "settings": {
          "divider_spacing": 20,
          "divider_border": false,
          "css_class": "",
          "custom_css": ""
        }
      },
      "1519332005107": {
        "type": "divider",
        "settings": {
          "divider_spacing": 20,
          "divider_border": false,
          "css_class": "",
          "custom_css": ""
        }
      },
      "search-template": {
        "type": "search-template",
        "blocks": {
          "1520891390224": {
            "type": "filter_by_type",
            "settings": {}
          },
          "1520891366971": {
            "type": "text",
            "settings": {
              "title": "find what you seek",
              "text": "<p>Turbo's <strong>predictive search feature</strong>&nbsp;makes the search task faster by predicting the keyword or&nbsp;query as it is typed, providing a dropdown list of suggestions.</p>"
            }
          }
        },
        "block_order": [
          "1520891390224",
          "1520891366971"
        ],
        "settings": {
          "image": "shopify://shop_images/orchids.jpg",
          "search_breadcrumb": true,
          "search_term": "Search...",
          "products_per_row": 4,
          "pagination_limit": 12,
          "blog_author": false,
          "read_more_link": true,
          "blog_date": true,
          "toggle": false
        }
      },
      "page-team-template": {
        "type": "page-team-template",
        "blocks": {
          "page-team-template-0": {
            "type": "employee",
            "settings": {
              "image": "shopify://shop_images/flo1.jpg",
              "title": "",
              "job_title": "Nicole Chowdhury",
              "description": "<p><strong>Founder and CEO.<br/></strong></p><p></p><p><br/>I have a passion for fashion, vintage decor and macarons!</p>",
              "twitter": "shopify"
            }
          },
          "page-team-template-1": {
            "type": "employee",
            "settings": {
              "image": "shopify://shop_images/flo2.jpg",
              "title": "",
              "job_title": "Kati Reese",
              "description": "<p><strong>Master jeweller.<br/><br/></strong></p><p>Powered by cats, coffee and hip hop!</p>",
              "twitter": "shopify"
            }
          }
        },
        "block_order": [
          "page-team-template-0",
          "page-team-template-1"
        ],
        "settings": {
          "image_position": "left",
          "title": "Meet the dynamic duo behind florence",
          "text": "<p>We are Nicole and Kati, and we design for our fellow modern woman - mothers, sisters, friends, confidants, rulebreakers, entrepreneurs, badasses - all gorgeously complex individuals and an endless source of inspiration.  We also believe that we vote for the future with our purchases, so we are constantly working to create our pieces as sustainably and responsibly as we can, creating an opportunity for you to choose with purpose and intention.  We use recycled gold and conflict free stones, and as firm believers in quality-over-quantity, each piece is made by hand in our studio.</p>",
          "text_position": "center",
          "employee_per_row": 2,
          "member_color": "#2b2a2a",
          "member_accent_color": "#555d85",
          "member_overlay_color": "#ffffff"
        }
      },
      "page-details-2-template": {
        "type": "page-details-2-template",
        "blocks": {
          "page-details-2-template-0": {
            "type": "image_with_text_overlay",
            "settings": {
              "wide_display": true,
              "image": "shopify://shop_images/collec-rings.jpg",
              "pretext": "",
              "title": "Turbo: A gem of a theme",
              "subtitle": "<p>Give your shop a professional polish.</p>",
              "button1": "try it on",
              "button1_link": "https://outofthesandbox.com/products/turbo-theme-florence",
              "button1_style": "global-button--banner",
              "button2": "",
              "button2_link": "",
              "button2_style": "global-button--banner",
              "text_position": "right",
              "text_align": "center",
              "caption_content_background": "original",
              "mobile_image_crop": "none",
              "mobile_text_below_image": true,
              "mobile_text_color": ""
            }
          },
          "page-details-2-template-1": {
            "type": "divider",
            "settings": {
              "divider_spacing": 20,
              "divider_border": false
            }
          },
          "page-details-2-template-2": {
            "type": "rich_text_and_image",
            "settings": {
              "title": "Built for speed. Styled with love.",
              "content": "<p>Turbo is a highly configurable, blazing fast theme that has been optimized for both speed and mobile experience. Turbo fully supports sections and is packed with features like product row sliders, mega menus, testimonials, homepage image gallery, FAQ template, interactive mini cart and infinite scrolling. It also boasts features like instantaneous page transitions for ultra-fast navigation and two separate speed modes.</p>",
              "button_label": "",
              "button_link": "",
              "text_size": "featured_text",
              "text_alignment": "center"
            }
          },
          "page-details-2-template-3": {
            "type": "divider",
            "settings": {
              "divider_spacing": 10,
              "divider_border": false
            }
          },
          "page-details-2-template-5": {
            "type": "divider",
            "settings": {
              "divider_spacing": 10,
              "divider_border": false
            }
          },
          "page-details-2-template-7": {
            "type": "image_with_text",
            "settings": {
              "wide_display": false,
              "frontpage_text_align": "left",
              "frontpage_image_position": "row",
              "image": "shopify://shop_images/girl-sq1_381ea039-bae0-4529-862b-5f5a7d6ff34a.jpg",
              "image_crop": "none",
              "title": "Velocity, refined.",
              "text": "<p>Turbo is a fully-loaded theme that can easily accommodate high volume, large catalog shops and especially <strong>Shopify Plus</strong> merchants. But it&#x27;s also an excellent choice for any size shop that&#x27;s looking for an edge - one that won&#x27;t sacrifice style and flexibility for enhanced performance.</p>",
              "link": "https://outofthesandbox.com/products/turbo-theme-florence",
              "button_label": "purchase theme"
            }
          },
          "page-details-2-template-11": {
            "type": "divider",
            "settings": {
              "divider_spacing": 10,
              "divider_border": false
            }
          },
          "1540920503782": {
            "type": "image_with_text_overlay",
            "settings": {
              "wide_display": true,
              "image": "shopify://shop_images/rose-ring2.jpg",
              "pretext": "",
              "title": "A feature-rich and multi-faceted theme",
              "subtitle": "",
              "button1": "View shops using Turbo",
              "button1_link": "https://help.outofthesandbox.com/hc/en-us/articles/115006912387-Featured-Shops-using-Turbo",
              "button1_style": "global-button--banner-highlighted",
              "button2": "",
              "button2_link": "",
              "button2_style": "global-button--banner",
              "text_position": "left",
              "text_align": "center",
              "caption_content_background": "original",
              "mobile_image_crop": "none",
              "mobile_text_below_image": true,
              "mobile_text_color": ""
            }
          },
          "1540920642170": {
            "type": "page",
            "settings": {
              "content_page": "copy-of-turbo-styles-4"
            }
          },
          "1540920637197": {
            "type": "page",
            "settings": {
              "content_page": "turbo-features-list-2"
            }
          },
          "d4801ce8-f397-4032-a81e-9aeb54256534": {
            "type": "divider",
            "settings": {
              "divider_spacing": 20,
              "divider_border": false
            }
          },
          "cae9e5c7-562b-4728-9c7d-07a21375a3fe": {
            "type": "image_with_text",
            "settings": {
              "wide_display": false,
              "frontpage_text_align": "left",
              "frontpage_image_position": "row-reverse",
              "image": "shopify://shop_images/support-ctr.jpg",
              "image_crop": "none",
              "title": "TURBO THEME SUPPORT",
              "text": "<p>Our comprehensive <a href=\"https://help.outofthesandbox.com/hc/en-us\">Theme Help Center</a> is where you'll find extensive documentation and video guides for all our themes, including <a href=\"https://help.outofthesandbox.com/hc/en-us/categories/115001109307-Turbo-Shopify-Theme\" target=\"_blank\">Turbo Support Articles.</a> Updating your theme is also quick and easy, using our unique <a href=\"https://outofthesandbox.com/pages/theme-updater-app\">Shopify Theme Updater App</a>!</p>",
              "link": "",
              "button_label": ""
            }
          },
          "552a3557-f1a9-4a29-8bcc-9459d6ee13cb": {
            "type": "divider",
            "settings": {
              "divider_spacing": 20,
              "divider_border": false
            }
          }
        },
        "block_order": [
          "page-details-2-template-0",
          "page-details-2-template-1",
          "page-details-2-template-2",
          "page-details-2-template-3",
          "page-details-2-template-5",
          "page-details-2-template-7",
          "page-details-2-template-11",
          "1540920503782",
          "1540920642170",
          "1540920637197",
          "d4801ce8-f397-4032-a81e-9aeb54256534",
          "cae9e5c7-562b-4728-9c7d-07a21375a3fe",
          "552a3557-f1a9-4a29-8bcc-9459d6ee13cb"
        ],
        "settings": {}
      },
      "page-gallery-2-template": {
        "type": "page-gallery-2-template",
        "blocks": {
          "page-gallery-2-template-2": {
            "type": "image",
            "settings": {
              "image": "shopify://shop_images/eclipse-3.png",
              "image_link": ""
            }
          },
          "page-gallery-2-template-5": {
            "type": "image",
            "settings": {
              "image": "shopify://shop_images/eclipse-5.png",
              "image_link": ""
            }
          },
          "page-gallery-2-template-4": {
            "type": "image",
            "settings": {
              "image": "shopify://shop_images/joanna-kosinska-395404.jpg",
              "image_link": ""
            }
          },
          "1541450782631": {
            "type": "image",
            "settings": {
              "image": "shopify://shop_images/eclipse-2.png",
              "image_link": ""
            }
          }
        },
        "block_order": [
          "page-gallery-2-template-2",
          "page-gallery-2-template-5",
          "page-gallery-2-template-4",
          "1541450782631"
        ],
        "settings": {
          "show_divider": false,
          "wide_display": false,
          "gallery_type": "classic",
          "grid-size": 2,
          "enable_lightbox": true
        }
      },
      "page-gallery-3-template": {
        "type": "page-gallery-3-template",
        "blocks": {
          "page-gallery-3-template-3": {
            "type": "image",
            "settings": {
              "image": "shopify://shop_images/nevada2.png",
              "image_link": ""
            }
          },
          "1541457814553": {
            "type": "image",
            "settings": {
              "image": "shopify://shop_images/flo1.jpg",
              "image_link": ""
            }
          },
          "page-gallery-3-template-9": {
            "type": "image",
            "settings": {
              "image": "shopify://shop_images/diamond-ringl.jpg",
              "image_link": ""
            }
          },
          "page-gallery-3-template-2": {
            "type": "image",
            "settings": {
              "image": "shopify://shop_images/nevada.png",
              "image_link": ""
            }
          },
          "page-gallery-3-template-5": {
            "type": "image",
            "settings": {
              "image": "shopify://shop_images/promo-outside_8eeedcaf-5e2c-40f3-aacb-71ef35942204.jpg",
              "image_link": ""
            }
          },
          "page-gallery-3-template-8": {
            "type": "image",
            "settings": {
              "image": "shopify://shop_images/orchids.jpg",
              "image_link": ""
            }
          },
          "page-gallery-3-template-7": {
            "type": "image",
            "settings": {
              "image": "shopify://shop_images/promo-blouse.jpg",
              "image_link": ""
            }
          }
        },
        "block_order": [
          "page-gallery-3-template-3",
          "1541457814553",
          "page-gallery-3-template-9",
          "page-gallery-3-template-2",
          "page-gallery-3-template-5",
          "page-gallery-3-template-8",
          "page-gallery-3-template-7"
        ],
        "settings": {
          "show_divider": false,
          "wide_display": false,
          "gallery_type": "masonry",
          "grid-size": 3,
          "enable_lightbox": true
        }
      },
      "product-recommendations": {
        "type": "product-recommendations",
        "settings": {
          "show_product_recommendations": true,
          "product_recommendations_style": "grid",
          "product_recommendations_heading": "You may also like",
          "products_per_row": 4,
          "recommended_products_limit": 4
        }
      },
      "1581612736988": {
        "type": "gallery",
        "blocks": {
          "1581612736988-0": {
            "type": "image",
            "settings": {
              "image": "shopify://shop_images/florence-1.jpg"
            }
          },
          "1581612736988-1": {
            "type": "image",
            "settings": {
              "image": "shopify://shop_images/florence-2.jpg"
            }
          },
          "1581612736988-2": {
            "type": "image",
            "settings": {
              "image": "shopify://shop_images/florence-3.jpg"
            }
          },
          "1581612736988-3": {
            "type": "image",
            "settings": {
              "image": "shopify://shop_images/florence-4.jpg"
            }
          }
        },
        "block_order": [
          "1581612736988-0",
          "1581612736988-1",
          "1581612736988-2",
          "1581612736988-3"
        ],
        "settings": {
          "wide_display": false,
          "title": "",
          "gallery_type": "classic",
          "grid-size": 4,
          "enable_lightbox": false,
          "css_class": "",
          "custom_css": ""
        }
      },
      "16070247661f39c1f1": {
        "type": "divider",
        "settings": {
          "divider_spacing": 10,
          "divider_border": false,
          "css_class": "",
          "custom_css": ""
        }
      },
      "160702481225b0fea9": {
        "type": "divider",
        "settings": {
          "divider_spacing": 10,
          "divider_border": false,
          "css_class": "",
          "custom_css": ""
        }
      },
      "16070248291eec8ab3": {
        "type": "divider",
        "settings": {
          "divider_spacing": 10,
          "divider_border": false,
          "css_class": "",
          "custom_css": ""
        }
      },
      "product-sidebar": {
        "type": "product-sidebar",
        "settings": {
          "toggle": false
        }
      }
    },
    "content_for_index": [
      "1516141567792",
      "16070247661f39c1f1",
      "1516121628119",
      "160702481225b0fea9",
      "1516412564818",
      "16070248291eec8ab3",
      "1489283919239",
      "1489284503681",
      "1519331962374",
      "1515007572392",
      "1581612736988",
      "1519332005107",
      "1516920179454",
      "1519320972087",
      "1519330061494",
      "1489285367207"
    ]
  }
}