{
  "current": {
    "performance": "ludicrous",
    "image_loading_style": "blur-up",
    "custom_scripts": "",
    "logo_color": "#ffffff",
    "regular_color": "#333333",
    "headline_color": "#333333",
    "headline_footer_text_color": "#7f8c8d",
    "sub_footer_text_color": "#6b6b6b",
    "sale_color": "#d54d4d",
    "was_price_color": "#8c8b8b",
    "product_hover_text_color": "#ffffff",
    "promo_text_color": "#151515",
    "shop_home_page_content_text_color": "#363636",
    "newsletter_popup_color": "#363636",
    "newsletter_section_color": "#ffffff",
    "collection_filter_color": "#333333",
    "top_bar_color": "#f4f4f4",
    "top_bar_color_hover": "#03a196",
    "nav_color": "#d9d9d9",
    "nav_color_home": "#d9d9d9",
    "nav_color_hover": "#ffffff",
    "link_color": "#03a196",
    "link_hover_color": "#03857c",
    "sidebar_nav_color": "#363636",
    "sidebar_nav_color_hover": "#03a196",
    "sub_footer_link_color": "#7f8c8d",
    "sub_footer_link_color_hover": "#ffffff",
    "btn_color": "#151515",
    "btn_hover_color": "#03a196",
    "btn_text_color": "#ffffff",
    "button_style": "square",
    "read_more_style": "button",
    "banner_button_color": "#ffffff",
    "banner_color": "#ffffff",
    "banner_background_color": "#1e1e1e",
    "banner_placeholder_background_color": "#666666",
    "swatch_style": "square",
    "table_styles_enabled": true,
    "slideshow_arrow_size": "light",
    "arrow_color": "#ffffff",
    "slideshow_button_style": false,
    "slideshow_nav_buttons": false,
    "border_color": "#cccccc",
    "headline_border_color": "#aaaaaa",
    "headline_border": "1",
    "divider_style": "solid",
    "sub_footer_border_color": "#1b1f23",
    "sale_banner_color": "#d54d4d",
    "new_banner_color": "#03a196",
    "search_section_color": "#ffffff",
    "search_section_bg_color": "#cccccc",
    "testimonial_color": "#ffffff",
    "testimonial_bg_color": "#03a196",
    "featured_promotions_color": "#fff",
    "featured_promotions_color_hover": "#ffffff",
    "featured_promotions_background": "#000000",
    "featured_promotions_mobile_background": true,
    "modal_background_color": "#ffffff",
    "modal_text_color": "#2b2e38",
    "shop_bg_color": "#ffffff",
    "custom_bg": "",
    "repeat_bg": "repeat",
    "bg_fixed": false,
    "bg_stretched": false,
    "top_bar_bg_color": "#1b1f23",
    "top_bar_cart_bg_color": "#d54d4d",
    "minicart_bg_color": "#ffffff",
    "header_bg_color": "#1b1f23",
    "header_background": false,
    "transparent_header": true,
    "promo_bg_color": "#e4e4e4",
    "shop_home_page_content_bg_color": "#f6f7f9",
    "featured_links_background": "#ffffff",
    "product_hover_bg_color": "#000000",
    "sub_footer_color": "#1b1f23",
    "footer_bg": "",
    "footer_bg_stretched": false,
    "newsletter_popup_background_color": "#ffffff",
    "newsletter_section_background_color": "#7f8c8d",
    "password_page_text_color": "#ffffff",
    "password_page_background_color": "#000000",
    "logo__font": "oswald_n4",
    "logo_font_style": "uppercase",
    "logo_font_size": 20,
    "top_bar_font_size": 12,
    "top_bar_letter_spacing": 1,
    "nav__font": "oswald_n4",
    "nav_font_style": "uppercase",
    "nav_font_size": 14,
    "nav_letter_spacing": 1,
    "nav_shadow": false,
    "button_weight": "normal",
    "button_font_style": "uppercase",
    "button_font_size": 14,
    "mega_text_font_size": 14,
    "mega_text_letter_spacing": 1,
    "headline__font": "oswald_n3",
    "headline_font_style": "uppercase",
    "headline_font_size": 24,
    "headline_letter_spacing": 2,
    "slideshow_headline__font": "oswald_n3",
    "slideshow_headline_font_style": "uppercase",
    "slideshow_headline_size": 47,
    "slideshow_headline_letter_spacing": 1,
    "slideshow_headline_shadow": true,
    "slideshow_subtitle__font": "roboto_n3",
    "slideshow_subtitle_font_style": "uppercase",
    "slideshow_subtitle_size": 18,
    "slideshow_subtitle_letter_spacing": 1,
    "slideshow_shadow": false,
    "regular__font": "roboto_n4",
    "regular_font_style": "none",
    "regular_font_size": 14,
    "footer_logo_font_size": 20,
    "footer_heading_font_size": 18,
    "footer_font_size": 13,
    "mega_menu_1": false,
    "mega_menu_2": false,
    "mega_menu_3": true,
    "mega_menu_4": false,
    "mega_menu_5": false,
    "search_option": "product",
    "search_pagination_type": "basic_pagination",
    "enable_autocomplete": true,
    "search_to_display": 5,
    "align_height": false,
    "collection_height": 250,
    "thumbnail_hover_enabled": false,
    "display_vendor": false,
    "collection_secondary_image": false,
    "sale_banner_enabled": true,
    "collection_swatches": false,
    "mobile_products_per_row": "1",
    "pagination_type": "load_more",
    "notify_me_form": true,
    "notify_me_richtext": "<p>Notify me when this product is available:</p>",
    "product_form_style": "swatches",
    "display_product_quantity": true,
    "limit_quantity": false,
    "display_inventory_left": false,
    "inventory_threshold": 10,
    "display_price": true,
    "sold_out_text": "Sold Out",
    "free_price_text": "Free",
    "size_chart": "",
    "enable_shopify_review_comments": true,
    "enable_shopify_collection_badges": true,
    "quick_shop_enabled": true,
    "quick_shop_style": "popup",
    "product_thumbs": true,
    "gallery_arrows": true,
    "activate_zoom": true,
    "slideshow_speed": 6,
    "slideshow_animation": "fade",
    "thumbnail_position": "left-thumbnails",
    "enable_thumbnail_slider": true,
    "quick_shop_display_vendor": false,
    "quick_shop_full_description": false,
    "description_words": 25,
    "quick_shop_product_description_position": "top",
    "quick_shop_display_savings": true,
    "show_payment_button": false,
    "product_images_position": "left",
    "video_looping": false,
    "cart_action": "ajax",
    "show_lock_icon": true,
    "display_tos_checkbox": false,
    "tos_page": "",
    "go_to_checkout": false,
    "display_special_instructions": true,
    "display_savings": true,
    "cart_message": "",
    "show_shipping_calculator": false,
    "shipping_calculator_default_country": "United States",
    "currency_format": "money_format",
    "show_multiple_currencies": true,
    "supported_currencies": "USD CAD AUD GBP EUR JPY",
    "default_currency": "USD",
    "mailchimp_link": "",
    "secondary_newsletter_banner": true,
    "newsletter_popup": true,
    "newsletter_popup_close": true,
    "newsletter_popup_mobile": true,
    "newsletter_popup_form": true,
    "display_first_name": false,
    "display_last_name": false,
    "use_newsletter_border": false,
    "newsletter_bg": "shopify://shop_images/About-Us_8552452a-f091-4cc8-b370-f139facd6051.jpg",
    "image_crop": "none",
    "newsletter_popup_image_align": "left",
    "newsletter_popup_title": "Sign up today!",
    "newsletter_popup_text": "<p>You can use this popup to promote newsletter signups, but that's not all!&nbsp;You&nbsp;could also omit the&nbsp;form and&nbsp;include action buttons linked to your pages and products instead.&nbsp;Or, use the popup to present an 'agree-to-terms' message that must be accepted before a visitor enters your shop!</p>\n<p></p>",
    "newsletter_popup_text_align": "left",
    "popup_button1": "",
    "popup_button1_link": "",
    "popup_button1_highlight": false,
    "popup_button2": "",
    "popup_button2_link": "",
    "popup_button2_highlight": false,
    "newsletter_popup_seconds": 8,
    "newsletter_popup_days": "7",
    "favicon": "",
    "disqus_enabled": false,
    "disqus_shortname": "",
    "checkout_header_image": "shopify://shop_images/checkout_header_image_18.jpg",
    "checkout_logo_image": "shopify://shop_images/logo-header-thin-icon.png",
    "checkout_logo_position": "left",
    "checkout_logo_size": "small",
    "checkout_body_background_image": "",
    "checkout_body_background_color": "#fff",
    "checkout_input_background_color_mode": "white",
    "checkout_sidebar_background_image": "",
    "checkout_sidebar_background_color": "#fafafa",
    "checkout_heading_font": "Helvetica Neue",
    "checkout_body_font": "Helvetica Neue",
    "checkout_accent_color": "#03a196",
    "checkout_button_color": "#03a196",
    "checkout_error_color": "#e1255f",
    "banner_style": "square",
    "og_image_fallback": "shopify://shop_images/portland-social-image.jpg",
    "quick_shop_zoom": false,
    "quick_shop_gallery_arrows": true,
    "quick_shop_slideshow_animation": "slide",
    "quick_shop_product_images_position": "left",
    "quick_shop_product_thumbs": true,
    "quick_shop_thumbnail_position": "bottom-thumbnails",
    "google_link": "",
    "enable_shopify_product_badges": true,
    "review_position": "below_product_details",
    "logo_font": "Google_Oswald",
    "logo_weight": "normal",
    "nav_font": "Google_Oswald",
    "nav_weight": "normal",
    "headline_font": "Google_Oswald",
    "headline_weight": "lighter",
    "headline_font_text": "normal",
    "slideshow_headline_font": "Google_Oswald",
    "slideshow_headline_weight": "lighter",
    "slideshow_headline_font_text": "normal",
    "slideshow_subtitle_font": "Google_Roboto",
    "slideshow_subtitle_weight": "lighter",
    "slideshow_subtitle_font_text": "normal",
    "regular_font": "Google_Roboto",
    "regular_weight": "normal",
    "custom_logo": "",
    "password-page-background": "",
    "pagework_page_bg_stretched": true,
    "featured_promotions_background_hover": "#d54d4d",
    "featured_promos_text_color": "#ffffff",
    "use_custom_bg_image": false,
    "use_password_bg_image": true,
    "use_custom_footer_image": false,
    "use_logo": false,
    "logo_alignment": "center",
    "use_logo_home": false,
    "use_logo_mobile": false,
    "logo_width": "160",
    "promo_text": "",
    "phone_number": "",
    "top_bar_menu": "",
    "main_linklist": "main-menu",
    "main_linklist2": "",
    "menu_position": "inline",
    "menu_alignment": "align_left",
    "fixed_header": true,
    "logo_top_padding": "12",
    "menu_top_padding": "8",
    "cart_icon": "cart",
    "search_enabled": true,
    "collection_sidebar": false,
    "product_sidebar": false,
    "collection_top_sidebar_page": "",
    "collection_sidebar_linklist": "",
    "collection_sidebar_linklist2": "",
    "filter_by_category": false,
    "filter_by_tag": true,
    "collection_sidebar_products": true,
    "collection_sidebar_vendors": false,
    "collection_sidebar_page": "",
    "footer_logo": false,
    "footer_linklist_1": "footer",
    "footer_linklist_2": "main-menu",
    "footer_linklist_3": "",
    "footer_content_page": "",
    "copyright_text": "",
    "display_designed_by": true,
    "display_payment_methods": true,
    "behind_menu": true,
    "position_1": "1",
    "position_2": "12",
    "position_3": "7",
    "position_4": "9",
    "position_5": "16",
    "position_6": "15",
    "position_7": "0",
    "position_8": "0",
    "position_9": "0",
    "position_10": "0",
    "position_11": "0",
    "position_12": "0",
    "position_13": "0",
    "position_14": "0",
    "position_15": "0",
    "position_16": "0",
    "position_17": "0",
    "position_18": "0",
    "caption_background": false,
    "image_1_pretext": "Introducing the",
    "image_1_headline": "Turbo Shopify theme",
    "image_1_subtitle": "from Out of the Sandbox",
    "image_1_text_position": "center",
    "image_1_text_align": "center",
    "image_1_button1_text": "",
    "image_1_button1_link": "",
    "image_1_button1_highlight": false,
    "image_1_button2_text": "",
    "image_1_button2_link": "",
    "image_1_button2_highlight": false,
    "image_2_pretext": "",
    "image_2_headline": "",
    "image_2_subtitle": "",
    "image_2_text_position": "left",
    "image_2_text_align": "center",
    "image_2_button1_text": "",
    "image_2_button1_link": "",
    "image_2_button1_highlight": false,
    "image_2_button2_text": "",
    "image_2_button2_link": "",
    "image_2_button2_highlight": false,
    "image_3_pretext": "",
    "image_3_headline": "",
    "image_3_subtitle": "",
    "image_3_text_position": "left",
    "image_3_text_align": "center",
    "image_3_button1_text": "",
    "image_3_button1_link": "",
    "image_3_button1_highlight": false,
    "image_3_button2_text": "",
    "image_3_button2_link": "",
    "image_3_button2_highlight": false,
    "image_4_pretext": "",
    "image_4_headline": "",
    "image_4_subtitle": "",
    "image_4_text_position": "left",
    "image_4_text_align": "center",
    "image_4_button1_text": "",
    "image_4_button1_link": "",
    "image_4_button1_highlight": false,
    "image_4_button2_text": "",
    "image_4_button2_link": "",
    "image_4_button2_highlight": false,
    "image_5_pretext": "",
    "image_5_headline": "",
    "image_5_subtitle": "",
    "image_5_text_position": "left",
    "image_5_text_align": "center",
    "image_5_button1_text": "",
    "image_5_button1_link": "",
    "image_5_button1_highlight": false,
    "image_5_button2_text": "",
    "image_5_button2_link": "",
    "image_5_button2_highlight": false,
    "image_6_pretext": "",
    "image_6_headline": "",
    "image_6_subtitle": "",
    "image_6_text_position": "left",
    "image_6_text_align": "left",
    "image_6_button1_text": "",
    "image_6_button1_link": "",
    "image_6_button1_highlight": false,
    "image_6_button2_text": "",
    "image_6_button2_link": "",
    "image_6_button2_highlight": false,
    "featured_promos_per_row": "4",
    "featured_promos_grid": "full_width",
    "feature_title_on_image_enabled": true,
    "featured_links_style": "",
    "feature1_enabled": true,
    "feature1_link": "",
    "feature1_title": "Promo 1",
    "feature1_description": "Optional description can go here",
    "feature1_button": "",
    "feature2_enabled": true,
    "feature2_link": "http://support.outofthesandbox.com/",
    "feature2_title": "Promo 2",
    "feature2_description": "Visit the Out of the Sandbox Support Center for Turbo-related articles and how-tos",
    "feature2_button": "",
    "feature3_enabled": true,
    "feature3_link": "",
    "feature3_title": "Promo 3",
    "feature3_description": "Publish Turbo as your main theme when you're ready to launch!",
    "feature3_button": "",
    "feature4_enabled": true,
    "feature4_link": "https://twitter.com/outofthesandbox",
    "feature4_title": "Promo 4",
    "feature4_description": "Let us know when your new shop launches on Twitter",
    "feature4_button": "",
    "feature5_enabled": false,
    "feature5_link": "",
    "feature5_title": "",
    "feature5_description": "",
    "feature5_button": "",
    "feature6_enabled": false,
    "feature6_link": "",
    "feature6_title": "",
    "feature6_description": "",
    "feature6_button": "",
    "feature7_enabled": false,
    "feature7_link": "",
    "feature7_title": "",
    "feature7_description": "",
    "feature7_button": "",
    "feature8_enabled": false,
    "feature8_link": "",
    "feature8_title": "",
    "feature8_description": "",
    "feature8_button": "",
    "frontpage_linklist": "",
    "frontpage_collections_per_row": "1",
    "frontpage_text_align": "left",
    "frontpage_collection": "frontpage",
    "frontpage_collection_style": "slider",
    "frontpage_products_per_row": "4",
    "frontpage_collection2": "",
    "frontpage_collection_style2": "grid",
    "frontpage_products_per_row2": "4",
    "frontpage_collection_full": "",
    "frontpage_display_description": false,
    "frontpage_product_stagger": true,
    "homepage1": "frontpage",
    "homepage2": "",
    "homepage3": "",
    "blog_widget_select": "news",
    "home_page_articles": "4",
    "slideshow_text_animation": "fadeIn",
    "slideshow_text_background": false,
    "slidespeed": "6000",
    "slide1_enabled": true,
    "slide1_alt_text": "",
    "slide1_pretext": "A full-width slideshow",
    "slide1_headline": "This is a big heading",
    "slide1_subtitle": "This is a subheading where you can include more text if you wish",
    "slide1_text_position": "right",
    "slide1_text_align": "right",
    "slide1_button1_text": "",
    "slide1_button1_link": "",
    "slide1_button1_highlight": false,
    "slide1_button2_text": "",
    "slide1_button2_link": "",
    "slide1_button2_highlight": false,
    "slide2_enabled": true,
    "slide2_alt_text": "",
    "slide2_pretext": "",
    "slide2_headline": "Just a banner heading here",
    "slide2_subtitle": "",
    "slide2_text_position": "center",
    "slide2_text_align": "center",
    "slide2_button1_text": "Button 1",
    "slide2_button1_link": "",
    "slide2_button1_highlight": true,
    "slide2_button2_text": "Button 2",
    "slide2_button2_link": "",
    "slide2_button2_highlight": false,
    "slide3_enabled": false,
    "slide3_alt_text": "",
    "slide3_pretext": "",
    "slide3_headline": "",
    "slide3_subtitle": "",
    "slide3_text_position": "left",
    "slide3_text_align": "left",
    "slide3_button1_text": "",
    "slide3_button1_link": "",
    "slide3_button1_highlight": false,
    "slide3_button2_text": "",
    "slide3_button2_link": "",
    "slide3_button2_highlight": false,
    "slide4_enabled": false,
    "slide4_alt_text": "",
    "slide4_pretext": "",
    "slide4_headline": "",
    "slide4_subtitle": "",
    "slide4_text_position": "left",
    "slide4_text_align": "left",
    "slide4_button1_text": "",
    "slide4_button1_link": "",
    "slide4_button1_highlight": false,
    "slide4_button2_text": "",
    "slide4_button2_link": "",
    "slide4_button2_highlight": false,
    "slide5_enabled": false,
    "slide5_alt_text": "",
    "slide5_pretext": "",
    "slide5_headline": "",
    "slide5_subtitle": "",
    "slide5_text_position": "left",
    "slide5_text_align": "left",
    "slide5_button1_text": "",
    "slide5_button1_link": "",
    "slide5_button1_highlight": false,
    "slide5_button2_text": "",
    "slide5_button2_link": "",
    "slide5_button2_highlight": false,
    "slide6_enabled": false,
    "slide6_alt_text": "",
    "slide6_pretext": "",
    "slide6_headline": "",
    "slide6_subtitle": "",
    "slide6_text_position": "left",
    "slide6_text_align": "left",
    "slide6_button1_text": "",
    "slide6_button1_link": "",
    "slide6_button1_highlight": false,
    "slide6_button2_text": "",
    "slide6_button2_link": "",
    "slide6_button2_highlight": false,
    "banner_video_source": "youtube",
    "aspect_ratio": "16:9",
    "banner_video_autoloop": false,
    "banner_video_autoplay": false,
    "banner_video_text": false,
    "video_dark_overlay": false,
    "banner_video_id": "eGyhA-DIYvg",
    "banner_video_mp4": "",
    "banner_video_ogv": "",
    "video_pretext": "Full-width video section",
    "video_headline": "Optional heading here",
    "video_subtitle": "",
    "video_text_position": "center",
    "video_text_align": "center",
    "video_button1_text": "Play Video",
    "video_button1_link": "",
    "video_button1_highlight": true,
    "video_button2_text": "",
    "video_button2_link": "",
    "video_button2_highlight": false,
    "twitter_widget": false,
    "twitter_username": "",
    "twitter_theme": "light",
    "tweet_count": "3",
    "instagram_widget": false,
    "instagram_client_id": "",
    "instagram_title": "Instagram",
    "instagram_count": "4",
    "product_breadcrumb": true,
    "display_tags": true,
    "display_type": true,
    "display_sku": false,
    "display_collections": true,
    "display_related_products": true,
    "products_per_slide": "3",
    "activate_autoplay": false,
    "product_description_position": "bottom",
    "products_per_row": "4",
    "pagination_limit": "24",
    "collection_breadcrumb": true,
    "collection_tags": true,
    "collection_sort": true,
    "display_collection_title": true,
    "display_vendor_collection": false,
    "collection_banner_enabled": false,
    "display_collection_header_title": false,
    "contact_address": "",
    "zoom_level": "15",
    "contact_banner_enabled": true,
    "image_contact_headline": "",
    "image_contact_subtitle": "",
    "blog_posts_per_page": "6",
    "blog_articles_per_row": "3",
    "blog_breadcrumb": true,
    "blog_tags": true,
    "blog_author": true,
    "blog_date": true,
    "blog_comment_count": true,
    "read_more_link": true,
    "blog_additional_articles": true,
    "sidebar_enabled": false,
    "blog_search": true,
    "blog_newsletter": true,
    "display_recent_articles": false,
    "blog_sidebar_tags": true,
    "blog_content_page": "",
    "article_banner_enabled": false,
    "article_banner_darken": true,
    "blog_banner_enabled": false,
    "image_blog_headline": "",
    "image_blog_subtitle": "",
    "use_newsletter_image": true,
    "newsletter_img_alt_text": "",
    "newsletter_banner": true,
    "use_newsletter_section_bg_image": false,
    "newsletter_section_text_align": "center",
    "display_social_buttons": true,
    "social_icons_header": true,
    "social_icons_footer": true,
    "checkout_use_header_image": false,
    "checkout_logo": "",
    "checkout_use_body_background_image": false,
    "checkout_use_sidebar_background_image": false,
    "icon_btn_color": "#969696",
    "icon_btn_text_color": "#FFFFFF",
    "quick_shop_color": "#000000",
    "slideshow_arrows": "0",
    "home_blog_slider": "0",
    "promo_banner_global": false,
    "side_cart_position": "right",
    "slideshow_subtitle_typeface_method": "google_webfonts",
    "headline_animation": "fadeIn",
    "share_banner_color": "#007a87",
    "dropdown_column_links": "10",
    "content_top_padding": "100",
    "tab_background_color": "#ffffff",
    "mobile_header_bg_color": "#666666",
    "mobile_menu_color": "black",
    "shop_use_content_bg_color": false,
    "shop_content_bg_color": "",
    "shop_use_home_page_content_bg_color": true,
    "logo_typeface_method": "google_webfonts",
    "logo_websafe_font": "Helvetica, Arial, sans-serif",
    "logo_color_home": "#ffffff",
    "headline_typeface_method": "google_webfonts",
    "headline_websafe_font": "'HelveticaNeue-Light', 'Helvetica Neue Light', 'Helvetica Neue', Helvetica, Arial, sans-serif",
    "nav_typeface_method": "google_webfonts",
    "nav_websafe_font": "'Lucida Grande', 'Lucida Sans Unicode', 'Lucida Sans', Lucida, Helvetica, Arial, sans-serif",
    "regular_typeface_method": "websafe",
    "regular_websafe_font": "'HelveticaNeue-Light', 'Helvetica Neue Light', 'Helvetica Neue', Helvetica, Arial, sans-serif",
    "slideshow_1_enabled": true,
    "homepage_arrow": true,
    "image_1_height": "550",
    "image_1_alt_text": "",
    "image_1_text_color": "#ffffff",
    "image_1_button_text": "",
    "image_1_link": "",
    "slideshow_2_enabled": false,
    "image_2_position": "3",
    "image_2_height": "550",
    "image_2_alt_text": "",
    "image_2_text_color": "#ffffff",
    "image_2_button_text": "",
    "image_2_link": "",
    "slideshow_3_enabled": false,
    "image_3_position": "5",
    "image_3_height": "550",
    "image_3_alt_text": "",
    "image_3_text_color": "#ffffff",
    "image_3_button_text": "",
    "image_3_link": "",
    "slideshow_4_enabled": false,
    "image_4_position": "7",
    "image_4_height": "600",
    "image_4_alt_text": "",
    "image_4_text_color": "#ffffff",
    "image_4_button_text": "",
    "image_4_link": "",
    "slideshow_5_enabled": false,
    "image_5_position": "10",
    "image_5_height": "550",
    "image_5_alt_text": "",
    "image_5_text_color": "#ffffff",
    "image_5_button_text": "",
    "image_5_link": "",
    "slideshow_6_enabled": false,
    "image_6_position": "2",
    "image_6_height": "550",
    "image_6_alt_text": "",
    "image_6_text_color": "#ffffff",
    "image_6_button_text": "",
    "image_6_link": "",
    "content_1_position": "4",
    "content_2_position": "6",
    "content_3_position": "10",
    "featured_links_position": "2",
    "featured_links": true,
    "featured_links_count": "3",
    "featured_collections_position": "15",
    "featured_products_position": "8",
    "featured_product_position": "9",
    "featured_blog_position": "13",
    "featured_social_position": "14",
    "instagram_username": "",
    "product_slideshow_animation": "slide",
    "add_to_cart_text": "Add to Cart",
    "related_products_title": "Related Items",
    "inventory_left_text": "items left",
    "homepage_sidebar": false,
    "collection_sidebar_vendor_text": "Vendors",
    "tags_text": "Filter",
    "side_cart_enabled": true,
    "tax_included": false,
    "shipping_calculator_heading": "Shipping rates calculator",
    "shipping_calculator_submit_button_label": "Calculate shipping rates",
    "shipping_calculator_submit_button_label_disabled": "Calculating...",
    "constrain_logo": true,
    "total_text": "TOTAL",
    "display_social_buttons_blog": true,
    "newsletter_enabled": true,
    "newsletter_description": "Sign up to get the latest on sales, new releases and more …",
    "newsletter_success_text": "Thank you for joining our mailing list!",
    "newsletter_system": "shopify",
    "flickr_link": "",
    "newsletter_popup_page": "",
    "newsletter_popup_max_width": "600",
    "blog_widget": "false",
    "instagram_tag_name": "",
    "slideshow_menu": "true",
    "cart_return": "checkout",
    "side_cart_button_position": "bottom",
    "nav_active_color": "#B8C6C6",
    "quick_shop_text": "Quick View",
    "newsletter_text": "News & Updates",
    "footer_link_color": "#55c0d4",
    "footer_link_color_hover": "#fc4c02",
    "footer_color": "#16161d",
    "footer_text_color": "#ffffff",
    "featured_text": "#ffffff",
    "feature1_text": "420x265",
    "feature2_text": "420x265",
    "feature3_text": "420x265",
    "featured_links_weight": "bold",
    "social_icons_enabled": "true",
    "headline_sub_footer_text_color": "#404040",
    "sections": {
      "header": {
        "type": "header",
        "settings": {
          "promo_text": "<p><a href=\"/collections/yoga-props\" title=\"Yoga Props\">20% OFF ESSENTIALS FOR YOUR AT-HOME WORKOUT</a></p>",
          "social_icons_header": true,
          "phone_number": "1-800-555-5555",
          "top_bar_menu": "top-menu",
          "show_cart": true,
          "cart_icon": "bag",
          "show_locale_selector": true,
          "show_currency_selector": true,
          "logo_display_width": 160,
          "logo": "shopify://shop_images/logo_home_portland_410x_d790bc90-5d6b-46f7-b235-a0fc4f9b18f1.png",
          "logo_mobile": "shopify://shop_images/logo_mobile.png",
          "main_linklist": "main-menu",
          "main_linklist2": "menu-update2-turbo-4",
          "vertical_menu": false,
          "dropdown_click": true,
          "search_enabled": true,
          "fixed_header": true,
          "logo_position": "center",
          "logo_alignment": "center",
          "menu_position": "inline",
          "menu_alignment": "align_left"
        }
      },
      "footer": {
        "type": "footer",
        "blocks": {
          "footer-0": {
            "type": "logo",
            "settings": {
              "image": "shopify://shop_images/logo-footer-thin-icon.png",
              "text_align": "left",
              "social_icons_footer": false
            }
          },
          "footer-1": {
            "type": "link_list",
            "settings": {
              "menu": "footer",
              "social_icons_footer": false
            }
          },
          "1489125398203": {
            "type": "link_list",
            "settings": {
              "menu": "turbo-2-1-templates",
              "social_icons_footer": false
            }
          },
          "footer-2": {
            "type": "link_list",
            "settings": {
              "menu": "support-resources",
              "social_icons_footer": false
            }
          },
          "1489125420927": {
            "type": "page",
            "settings": {
              "page": "courtesy",
              "social_icons_footer": true
            }
          }
        },
        "block_order": [
          "footer-0",
          "footer-1",
          "1489125398203",
          "footer-2",
          "1489125420927"
        ],
        "settings": {
          "copyright_text": "",
          "display_designed_by": true,
          "display_payment_methods": true,
          "show_locale_selector": true,
          "show_currency_selector": false
        }
      },
      "1489125525070": {
        "type": "image-with-text-overlay",
        "settings": {
          "wide_display": true,
          "image": "shopify://shop_images/banner_1_2000x.progressive_6703a978-91b4-4f36-8a23-7173022a3e68.jpg",
          "pretext": "<p>Introducing the</p>",
          "title": "Turbo Shopify Theme",
          "subtitle": "<p>Exclusively from Out of the Sandbox</p>",
          "button1": "shop women",
          "button1_link": "shopify://collections/womens-apparel",
          "button1_style": "global-button--banner",
          "button2": "Shop Men",
          "button2_link": "shopify://collections/mens-apparel",
          "button2_style": "global-button--banner",
          "text_position": "left",
          "text_align": "center",
          "caption_content_background": "original",
          "mobile_image_crop": "center",
          "mobile_text_below_image": false,
          "mobile_text_color": "",
          "css_class": "",
          "custom_css": ""
        }
      },
      "1489125942243": {
        "type": "featured-promotions",
        "disabled": true,
        "blocks": {
          "1489126133544": {
            "type": "image",
            "settings": {
              "image": "shopify://shop_images/feature2.jpg",
              "link": "shopify://collections/new",
              "title": "new arrivals",
              "text": "",
              "button_label": "shop now"
            }
          },
          "1489125942243-1": {
            "type": "image",
            "settings": {
              "image": "shopify://shop_images/square.jpg",
              "link": "shopify://collections/sale",
              "title": "flash sale!",
              "text": "",
              "button_label": "save now"
            }
          },
          "1489125942243-2": {
            "type": "image",
            "settings": {
              "image": "shopify://shop_images/pic4_d23afa04-1d0d-40c8-99bd-c916693ace9d.jpg",
              "link": "shopify://blogs/news",
              "title": "the yogi blog",
              "text": "",
              "button_label": "Read now"
            }
          },
          "1489125942243-0": {
            "type": "image",
            "settings": {
              "image": "shopify://shop_images/pic1_20b5d573-a0e2-4618-bed9-dc3bac41b9be.jpg",
              "link": "shopify://pages/about-us",
              "title": "about us",
              "text": "",
              "button_label": "connect"
            }
          }
        },
        "block_order": [
          "1489126133544",
          "1489125942243-1",
          "1489125942243-2",
          "1489125942243-0"
        ],
        "settings": {
          "wide_display": true,
          "promo_text_on_image_enabled": true,
          "featured_promos_per_row": 4,
          "featured_links_animation": "fadeInUp",
          "feature_style": "square",
          "css_class": "",
          "custom_css": ""
        }
      },
      "1489126190865": {
        "type": "featured-collection",
        "settings": {
          "title": "",
          "collection_description": true,
          "collection": "frontpage",
          "collection_style": "slider",
          "products_per": 4,
          "products_limit": 12,
          "css_class": "",
          "custom_css": ""
        }
      },
      "1489126345371": {
        "type": "image-text",
        "blocks": {
          "1490121079253": {
            "type": "image",
            "settings": {
              "image": "shopify://shop_images/man-yoga_f55eac54-207d-47b5-b808-a7c8541df1af.jpg",
              "image_crop": "none",
              "title": "Men's Apparel",
              "text": "<p>Our Men&#x27;s Yoga Short is the ultimate eco-friendly performance short, bringing together comfort, breathability, and an easy-pull elastic waist.</p>",
              "button_label": "Shop Men",
              "link": "shopify://collections/mens-apparel",
              "bg_color": "",
              "text_color": ""
            }
          },
          "1489126345371-0": {
            "type": "image",
            "settings": {
              "image": "shopify://shop_images/prayer-1024.jpg",
              "image_crop": "none",
              "title": "Women's Apparel",
              "text": "<p>Check out our full collection of women&#x27;s apparel today. This is an <strong>Image with text</strong> homepage section, which is a great way to showcase some nice big images along with any relevant text and an optional action button.</p>",
              "button_label": "Shop Women",
              "link": "shopify://collections/womens-apparel",
              "bg_color": "",
              "text_color": ""
            }
          }
        },
        "block_order": [
          "1490121079253",
          "1489126345371-0"
        ],
        "settings": {
          "wide_display": true,
          "featured_links_per_row": "1",
          "frontpage_text_align": "left",
          "frontpage_image_position": "row-reverse",
          "css_class": "",
          "custom_css": ""
        }
      },
      "1489167092570": {
        "type": "featured-collection",
        "settings": {
          "title": "Featured Mat Bags",
          "collection_description": true,
          "collection": "mat-bags",
          "collection_style": "grid",
          "products_per": 4,
          "products_limit": 4,
          "css_class": "",
          "custom_css": ""
        }
      },
      "1489167172377": {
        "type": "video",
        "settings": {
          "wide_display": true,
          "aspect_ratio": "16:9",
          "autoplay": false,
          "autoloop": true,
          "mute_video": false,
          "show_controls": true,
          "video_dark_overlay": false,
          "iframe_video": "https://www.youtube.com/watch?v=depElGj1A3Y",
          "html5_video": "",
          "image": "shopify://shop_images/new-video-grn.jpg",
          "display_text_over_video": false,
          "preheading": "",
          "heading": "high performance ecommerce",
          "subheading": "<p>Full-width youtube, vimeo + mp4 videos </p>",
          "button1_label": "Play video",
          "button1_link": "",
          "button1_style": "global-button--banner",
          "button2_label": "",
          "button2_link": "",
          "button2_style": "global-button--banner",
          "text_position": "right",
          "text_align": "center",
          "caption_content_background": "original",
          "mobile_image_crop": "center",
          "mobile_text_below_image": false,
          "mobile_text_color": "",
          "css_class": "",
          "custom_css": ""
        }
      },
      "page-gallery-template": {
        "type": "page-gallery-template",
        "blocks": {
          "1489175236654": {
            "type": "image",
            "settings": {
              "image": "shopify://shop_images/gal7.jpg",
              "image_link": ""
            }
          },
          "1489175259662": {
            "type": "image",
            "settings": {
              "image": "shopify://shop_images/FW-mat.jpg",
              "image_link": ""
            }
          },
          "1489175275069": {
            "type": "image",
            "settings": {
              "image": "shopify://shop_images/gal1.jpg",
              "image_link": ""
            }
          },
          "1489464670371": {
            "type": "image",
            "settings": {
              "image": "shopify://shop_images/FW-pose.jpg",
              "image_link": ""
            }
          },
          "1489175328520": {
            "type": "image",
            "settings": {
              "image": "shopify://shop_images/gal2.jpg",
              "image_link": ""
            }
          },
          "1489464323518": {
            "type": "image",
            "settings": {
              "image": "shopify://shop_images/man-yoga.jpg",
              "image_link": ""
            }
          },
          "1489464280503": {
            "type": "image",
            "settings": {
              "image": "shopify://shop_images/content-2col-2.jpg",
              "image_link": ""
            }
          },
          "1489464336070": {
            "type": "image",
            "settings": {
              "image": "shopify://shop_images/gaiam-mats.jpg",
              "image_link": ""
            }
          },
          "1489464291132": {
            "type": "image",
            "settings": {
              "image": "shopify://shop_images/gal10.jpg",
              "image_link": ""
            }
          },
          "1489793534720": {
            "type": "image",
            "settings": {
              "image": "shopify://shop_images/testim-yogi2.jpg",
              "image_link": ""
            }
          },
          "1489175297721": {
            "type": "image",
            "settings": {
              "image": "shopify://shop_images/About-Us.jpg",
              "image_link": ""
            }
          },
          "1489465009148": {
            "type": "image",
            "settings": {
              "image": "shopify://shop_images/sample-pic.jpg",
              "image_link": ""
            }
          },
          "1489464907873": {
            "type": "image",
            "settings": {
              "image": "shopify://shop_images/gal5.jpg",
              "image_link": ""
            }
          },
          "1489465122431": {
            "type": "image",
            "settings": {
              "image": "shopify://shop_images/testim-blocks2.jpg",
              "image_link": ""
            }
          },
          "1489464789716": {
            "type": "image",
            "settings": {
              "image": "shopify://shop_images/gal9.jpg",
              "image_link": ""
            }
          },
          "1489793497699": {
            "type": "image",
            "settings": {
              "image": "shopify://shop_images/gal3.jpg",
              "image_link": ""
            }
          }
        },
        "block_order": [
          "1489175236654",
          "1489175259662",
          "1489175275069",
          "1489464670371",
          "1489175328520",
          "1489464323518",
          "1489464280503",
          "1489464336070",
          "1489464291132",
          "1489793534720",
          "1489175297721",
          "1489465009148",
          "1489464907873",
          "1489465122431",
          "1489464789716",
          "1489793497699"
        ],
        "settings": {
          "show_divider": true,
          "wide_display": false,
          "gallery_type": "masonry",
          "grid-size": 5,
          "enable_lightbox": true
        }
      },
      "newsletter": {
        "type": "newsletter",
        "settings": {
          "wide_display": true,
          "display_first_name": false,
          "display_last_name": false,
          "newsletter_title": "Sign up for our Newsletter",
          "newsletter_text": "<p>Get a sneak peek on upcoming promos and get 10% off your first order!</p>",
          "newsletter_section_text_align": "center",
          "css_class": "",
          "custom_css": ""
        }
      },
      "collection-template": {
        "type": "collection-template",
        "blocks": {
          "1490200324959": {
            "type": "text",
            "settings": {
              "title": "Sidebar",
              "text": "<p>This optional sidebar can display various types of content, including menus, text, and a list of filterable product tags.</p>"
            }
          },
          "1496939143072": {
            "type": "filter",
            "settings": {
              "filter_name": "Style",
              "filter_tags": "Bag, Bra top, Block, Capri, Dress, Gloves, Headband, Hoodie, Jacket, Leggings, Legwarmers, Long sleeve, Mat, Mat wash, Pants, Shorts, Skirt, Socks, Strap, Sweatshirt, Tank top, Tee, Tote, Towel, Tunic",
              "enable_filter_swatches": false
            }
          },
          "1496939196460": {
            "type": "filter",
            "settings": {
              "filter_name": "Material Color",
              "filter_tags": "Black, Black-Green, Black-red, Blue-pink, CadetBlue, Chai, Cork, Dahlia, DeepSkyBlue, Denim-stripe, Denim, Dyad-red, Grey, Green, LimeGreen, Lime-purple, Mandala, MediumOrchid, Natural, Navy, Oatmeal-stripe, Ocean, Ochre, Pacific-print, DeepPink, Purple, Rose, Sage, Sangria-print, Sangria, Silver, Sky-blue, Strap-black, Strap-lime, Teal,  Turquoise, Violet, Warm-lattice, Pink/Purple",
              "enable_filter_swatches": true
            }
          },
          "1496939181784": {
            "type": "filter",
            "settings": {
              "filter_name": "Price",
              "filter_tags": "Under $25, $25 - $50, $50 - $75, $75 - $100, $100+",
              "enable_filter_swatches": false
            }
          },
          "1497534721365": {
            "type": "recently_viewed",
            "settings": {
              "sidebar_rv_title": "Recently Viewed",
              "sidebar_rv_per": 2
            }
          }
        },
        "block_order": [
          "1490200324959",
          "1496939143072",
          "1496939196460",
          "1496939181784",
          "1497534721365"
        ],
        "settings": {
          "featured_collection_image": true,
          "wide_display": true,
          "image": "shopify://shop_images/slide-couple.jpg",
          "mobile_image_crop": "none",
          "caption_content_background": "original",
          "display_collection_title": true,
          "collection_breadcrumb": true,
          "collection_tags": false,
          "collection_sort": false,
          "products_per_row": 3,
          "pagination_limit": 20,
          "toggle": false
        }
      },
      "product-template": {
        "type": "product-template",
        "settings": {
          "product_thumbs": true,
          "gallery_arrows": true,
          "enable_product_lightbox": true,
          "activate_zoom": true,
          "slideshow_speed": 0,
          "slideshow_animation": "slide",
          "thumbnail_position": "bottom",
          "enable_thumbnail_slider": true,
          "display_vendor": false,
          "product_breadcrumb": true,
          "display_sku": false,
          "display_collections": true,
          "display_type": false,
          "display_tags": false,
          "display_social_buttons": true,
          "product_description_position": "top",
          "display_savings": true,
          "show_payment_button": false,
          "product_images_position": "left",
          "set_product_height": false,
          "product_height": 500,
          "video_looping": false,
          "enable_shopify_product_badges": false,
          "review_position": "below_gallery",
          "display_recently_viewed": true,
          "rv_title": "Recently Viewed Items",
          "rv_products_style": "grid",
          "rv_max_display": 10,
          "rv_per": 5
        }
      },
      "blog-template": {
        "type": "blog-template",
        "settings": {
          "wide_display": true,
          "image": "shopify://shop_images/blog-thinner.jpg",
          "subtitle": "inspiring everyone to practice + play",
          "blog_posts_per_row": 3,
          "blog_posts_per_page": 6,
          "blog_tags": true,
          "blog_author": true,
          "read_time": true,
          "blog_date": true,
          "blog_comment_count": false,
          "read_more_link": true,
          "excerpt_display": "full_excerpt",
          "toggle": false
        }
      },
      "contact-template": {
        "type": "contact-template",
        "settings": {
          "wide_display": true,
          "image": "shopify://shop_images/contact_banner_2048x.progressive_096aefd4-755b-4351-8ce0-6886423d9048.jpg",
          "contact_heading": "",
          "contact_subheading": "",
          "contact_text": "",
          "show_map": true,
          "map_wide_display": true,
          "map_address": "portland, or",
          "map_height": 400,
          "zoom_level": 14,
          "api_key": "",
          "show_pin": false,
          "map_style": "default"
        }
      },
      "product-full-width-images-template": {
        "type": "product-full-width-images-template",
        "settings": {
          "product_thumbs": true,
          "gallery_arrows": true,
          "enable_product_lightbox": false,
          "activate_zoom": true,
          "slideshow_speed": 0,
          "slideshow_animation": "slide",
          "thumbnail_position": "left-thumbnails",
          "enable_thumbnail_slider": true,
          "display_vendor": false,
          "product_breadcrumb": true,
          "display_sku": false,
          "display_collections": true,
          "display_type": true,
          "display_tags": true,
          "display_social_buttons": true,
          "product_description_position": "top",
          "display_savings": true,
          "show_payment_button": false,
          "product_images_position": "left",
          "set_product_height": false,
          "product_height": 500,
          "video_looping": false,
          "enable_shopify_product_badges": false,
          "review_position": "next_to_gallery",
          "display_recently_viewed": false,
          "rv_title": "Recently Viewed",
          "rv_products_style": "grid",
          "rv_max_display": 6,
          "rv_per": 4
        }
      },
      "article-template": {
        "type": "article-template",
        "blocks": {
          "1489175056408": {
            "type": "search",
            "settings": {}
          },
          "1489175058545": {
            "type": "recent_posts",
            "settings": {
              "blog_post_count": "5"
            }
          },
          "1489175113601": {
            "type": "text",
            "settings": {
              "title": "Sidebar text",
              "text": "<p>You can easily add text like this to your sidebar to&nbsp;display&nbsp;details about blog authors, upcoming promotions or general info about your shop.</p>"
            }
          },
          "1489175049321": {
            "type": "newsletter",
            "settings": {
              "newsletter_title": "newsletter signup",
              "newsletter_text": "<p>Be the first to know about upcoming sales and promos. Get a <strong>10% discount</strong> <strong>coupon</strong> when you subscribe!</p>"
            }
          }
        },
        "block_order": [
          "1489175056408",
          "1489175058545",
          "1489175113601",
          "1489175049321"
        ],
        "settings": {
          "featured_image": "banner",
          "wide_display": true,
          "blog_breadcrumb": true,
          "blog_pagination": true,
          "blog_tags": true,
          "blog_byline": false,
          "read_time": true,
          "blog_date": true,
          "blog_author": true,
          "display_social_buttons": true,
          "blog_comment_count": false,
          "blog_additional_posts": true,
          "read_more_link": false,
          "toggle": true
        }
      },
      "cart-template": {
        "type": "cart-template",
        "blocks": {
          "1540927995540": {
            "type": "featured_collection",
            "settings": {
              "title": "All set for class? View our most popular accessories",
              "collection_description": true,
              "collection": "yoga-bags",
              "collection_style": "grid",
              "products_per": 4,
              "products_limit": 5
            }
          }
        },
        "block_order": [
          "1540927995540"
        ],
        "settings": {
          "display_special_instructions": false,
          "display_savings": true,
          "cart_message": ""
        }
      },
      "product-details-template": {
        "type": "product-details-template",
        "blocks": {
          "product-details-template-4": {
            "type": "image_with_text_overlay",
            "settings": {
              "wide_display": true,
              "image": "shopify://shop_images/testimon-runners.jpg",
              "pretext": "",
              "title": "turbo charge",
              "subtitle": "<p>your product page with<br/> the <strong>product details</strong> template</p>",
              "button1": "",
              "button1_link": "",
              "button1_style": "global-button--banner",
              "button2": "",
              "button2_link": "",
              "button2_style": "global-button--banner",
              "text_position": "right",
              "text_align": "center",
              "caption_content_background": "original",
              "mobile_image_crop": "center",
              "mobile_text_below_image": false,
              "mobile_text_color": ""
            }
          },
          "product-details-template-1": {
            "type": "divider",
            "settings": {
              "divider_spacing": 20,
              "divider_border": false
            }
          },
          "product-details-template-6": {
            "type": "image_with_text",
            "settings": {
              "wide_display": true,
              "frontpage_text_align": "center",
              "frontpage_image_position": "row-reverse",
              "image": "shopify://shop_images/square-towel_4e48a6fb-e737-4516-92cc-a58f651fbc6e.png",
              "image_crop": "none",
              "title": "",
              "text": "<p>This is an <strong>Image with text</strong> content block that you can add to your product page by using the <em>product.details</em> template included in the Turbo theme. Use some high impact images to promote cross-sales, or try a team photo and link to your About page, to tell visitors more about the folks behind the products.</p>",
              "link": "",
              "button_label": "shop towels"
            }
          },
          "product-details-template-7": {
            "type": "divider",
            "settings": {
              "divider_spacing": 20,
              "divider_border": false
            }
          },
          "72bf176e-a084-4fa7-b26c-90fde891e79f": {
            "type": "recommended_products",
            "settings": {}
          }
        },
        "block_order": [
          "product-details-template-4",
          "product-details-template-1",
          "product-details-template-6",
          "product-details-template-7",
          "72bf176e-a084-4fa7-b26c-90fde891e79f"
        ],
        "settings": {
          "product_thumbs": true,
          "gallery_arrows": true,
          "enable_product_lightbox": false,
          "activate_zoom": true,
          "slideshow_speed": 0,
          "slideshow_animation": "slide",
          "thumbnail_position": "bottom",
          "enable_thumbnail_slider": true,
          "display_vendor": false,
          "product_breadcrumb": true,
          "display_sku": false,
          "display_collections": true,
          "display_type": true,
          "display_tags": true,
          "display_social_buttons": true,
          "product_description_position": "top",
          "display_savings": true,
          "show_payment_button": false,
          "product_images_position": "left",
          "set_product_height": false,
          "product_height": 500,
          "video_looping": false,
          "enable_shopify_product_badges": false,
          "enable_reviews_in_description": false
        }
      },
      "search-template": {
        "type": "search-template",
        "blocks": {
          "1489463403710": {
            "type": "menu",
            "settings": {
              "custom_menu_linklist": "shop-our-deals"
            }
          },
          "1497478040823": {
            "type": "text",
            "settings": {
              "title": "sidebar content",
              "text": "<p>You can now include <strong>recently viewed items</strong> in your sidebar, along with other optional content blocks like menus and text like this.</p>"
            }
          },
          "1497471758429": {
            "type": "recently_viewed",
            "settings": {
              "sidebar_rv_title": "Recently Viewed",
              "sidebar_rv_per": 2
            }
          }
        },
        "block_order": [
          "1489463403710",
          "1497478040823",
          "1497471758429"
        ],
        "settings": {
          "image": "shopify://shop_images/testim-green.jpg",
          "search_breadcrumb": true,
          "search_term": "Search...",
          "products_per_row": 3,
          "pagination_limit": 24,
          "blog_author": false,
          "read_more_link": true,
          "blog_date": true,
          "toggle": false
        }
      },
      "1489624561018": {
        "type": "image-text",
        "blocks": {
          "1489624561018-0": {
            "type": "image",
            "settings": {
              "image": "shopify://shop_images/cork-block_6c5ddcd9-a606-4e1f-ab99-f0fd96759f2e.jpg",
              "image_crop": "none",
              "title": "Yoga Block Collection",
              "text": "<p>Yoga blocks are the Swiss army knives of the yoga world. But like the most inventive tools out there, the simplicity of their design is what makes them so perfect for almost anything related to your yoga practice. </p>",
              "button_label": "shop for blocks",
              "link": "shopify://collections/blocks",
              "bg_color": "",
              "text_color": ""
            }
          }
        },
        "block_order": [
          "1489624561018-0"
        ],
        "settings": {
          "wide_display": true,
          "featured_links_per_row": "1",
          "frontpage_text_align": "center",
          "frontpage_image_position": "row-reverse",
          "css_class": "",
          "custom_css": ""
        }
      },
      "mega-menu-1": {
        "type": "mega-menu-1",
        "blocks": {
          "1496938538146": {
            "type": "column",
            "settings": {
              "richtext_top": "",
              "image_top": "shopify://shop_images/women.jpg",
              "image_caption_top": "Women's activewear on sale!",
              "image_link_top": "",
              "menu_1": "",
              "menu_1_link": "",
              "menu_2": "",
              "menu_2_link": "",
              "menu_3": "",
              "menu_3_link": "",
              "menu_4": "",
              "menu_4_link": "",
              "image_bottom": "",
              "image_caption_bottom": "",
              "image_link_bottom": "",
              "richtext_bottom": ""
            }
          },
          "1496938482943": {
            "type": "column",
            "settings": {
              "richtext_top": "",
              "image_top": "",
              "image_caption_top": "",
              "image_link_top": "",
              "menu_1": "womens-apparel",
              "menu_1_link": "shopify://collections/womens-apparel",
              "menu_2": "",
              "menu_2_link": "",
              "menu_3": "",
              "menu_3_link": "",
              "menu_4": "",
              "menu_4_link": "",
              "image_bottom": "",
              "image_caption_bottom": "",
              "image_link_bottom": "",
              "richtext_bottom": ""
            }
          },
          "1496938515022": {
            "type": "column",
            "settings": {
              "richtext_top": "",
              "image_top": "",
              "image_caption_top": "",
              "image_link_top": "",
              "menu_1": "mens-apparel",
              "menu_1_link": "",
              "menu_2": "",
              "menu_2_link": "",
              "menu_3": "",
              "menu_3_link": "",
              "menu_4": "",
              "menu_4_link": "",
              "image_bottom": "",
              "image_caption_bottom": "",
              "image_link_bottom": "",
              "richtext_bottom": ""
            }
          },
          "1496938566234": {
            "type": "column",
            "settings": {
              "richtext_top": "",
              "image_top": "shopify://shop_images/men.jpg",
              "image_caption_top": "",
              "image_link_top": "",
              "menu_1": "",
              "menu_1_link": "",
              "menu_2": "",
              "menu_2_link": "",
              "menu_3": "",
              "menu_3_link": "",
              "menu_4": "",
              "menu_4_link": "",
              "image_bottom": "",
              "image_caption_bottom": "",
              "image_link_bottom": "",
              "richtext_bottom": ""
            }
          }
        },
        "block_order": [
          "1496938538146",
          "1496938482943",
          "1496938515022",
          "1496938566234"
        ],
        "settings": {
          "parent": "Apparel"
        }
      },
      "mega-menu-2": {
        "type": "mega-menu-2",
        "blocks": {
          "1496938670760": {
            "type": "column",
            "settings": {
              "richtext_top": "",
              "image_top": "",
              "image_caption_top": "",
              "image_link_top": "",
              "menu_1": "yoga-props",
              "menu_1_link": "shopify://collections/yoga-props",
              "menu_2": "",
              "menu_2_link": "",
              "menu_3": "",
              "menu_3_link": "",
              "menu_4": "",
              "menu_4_link": "",
              "image_bottom": "",
              "image_caption_bottom": "",
              "image_link_bottom": "",
              "richtext_bottom": ""
            }
          },
          "1496938658934": {
            "type": "column",
            "settings": {
              "richtext_top": "",
              "image_top": "",
              "image_caption_top": "",
              "image_link_top": "",
              "menu_1": "yoga-mats-towels",
              "menu_1_link": "shopify://collections/yoga-mats-towels",
              "menu_2": "",
              "menu_2_link": "",
              "menu_3": "",
              "menu_3_link": "",
              "menu_4": "",
              "menu_4_link": "",
              "image_bottom": "",
              "image_caption_bottom": "",
              "image_link_bottom": "",
              "richtext_bottom": ""
            }
          },
          "1496938699805": {
            "type": "column",
            "settings": {
              "richtext_top": "",
              "image_top": "shopify://shop_images/cork.png",
              "image_caption_top": "Try our new Cork Yoga Brick for soft but solid support",
              "image_link_top": "shopify://products/cork-yoga-brick",
              "menu_1": "",
              "menu_1_link": "",
              "menu_2": "",
              "menu_2_link": "",
              "menu_3": "",
              "menu_3_link": "",
              "menu_4": "",
              "menu_4_link": "",
              "image_bottom": "",
              "image_caption_bottom": "",
              "image_link_bottom": "",
              "richtext_bottom": ""
            }
          },
          "1496938636288": {
            "type": "column",
            "settings": {
              "richtext_top": "",
              "image_top": "",
              "image_caption_top": "",
              "image_link_top": "",
              "menu_1": "yoga-bags",
              "menu_1_link": "shopify://collections/yoga-bags",
              "menu_2": "",
              "menu_2_link": "",
              "menu_3": "",
              "menu_3_link": "",
              "menu_4": "",
              "menu_4_link": "",
              "image_bottom": "",
              "image_caption_bottom": "",
              "image_link_bottom": "",
              "richtext_bottom": ""
            }
          },
          "1496938715820": {
            "type": "column",
            "settings": {
              "richtext_top": "",
              "image_top": "",
              "image_caption_top": "",
              "image_link_top": "",
              "menu_1": "",
              "menu_1_link": "",
              "menu_2": "",
              "menu_2_link": "",
              "menu_3": "",
              "menu_3_link": "",
              "menu_4": "",
              "menu_4_link": "",
              "image_bottom": "",
              "image_caption_bottom": "",
              "image_link_bottom": "",
              "richtext_bottom": "<p>Check out our full lineup of yoga accessories to help you with your daily meditation practice and fitness goals...</p>"
            }
          }
        },
        "block_order": [
          "1496938670760",
          "1496938658934",
          "1496938699805",
          "1496938636288",
          "1496938715820"
        ],
        "settings": {
          "parent": "Accessories"
        }
      },
      "page-details-template": {
        "type": "page-details-template",
        "blocks": {
          "page-details-template-0": {
            "type": "image_with_text_overlay",
            "settings": {
              "wide_display": true,
              "image": "shopify://shop_images/banner-ballet.jpg",
              "pretext": "",
              "title": "this is our story",
              "subtitle": "",
              "button1": "",
              "button1_link": "",
              "button1_style": "global-button--banner",
              "button2": "",
              "button2_link": "",
              "button2_style": "global-button--banner",
              "text_position": "right",
              "text_align": "center",
              "caption_content_background": "original",
              "mobile_image_crop": "none",
              "mobile_text_below_image": false,
              "mobile_text_color": ""
            }
          },
          "1497474972982": {
            "type": "divider",
            "settings": {
              "divider_spacing": 10,
              "divider_border": false
            }
          },
          "page-details-template-2": {
            "type": "rich_text_and_image",
            "settings": {
              "title": "introducing a flexible new page template",
              "content": "<p>A great &quot;About&quot; page helps build trust between you and your customers.<br/>The more content you provide about you and your business, the more confident people will be when purchasing from your store.<br/>An interesting and authentic About page<a href=\"https://www.shopify.ca/blog/6109584-how-to-use-your-about-page-to-increase-ecommerce-sales\"> can even increase sales</a>, so spend time crafting a compelling one!</p>",
              "button_label": "",
              "button_link": "",
              "text_size": "regular_text",
              "text_alignment": "center"
            }
          },
          "1501015799711": {
            "type": "divider",
            "settings": {
              "divider_spacing": 10,
              "divider_border": false
            }
          },
          "page-details-template-4": {
            "type": "featured_collection",
            "settings": {
              "title": "staff favourites",
              "collection_description": false,
              "collection": "mat-bags",
              "collection_style": "grid",
              "products_per": 4,
              "products_limit": 4
            }
          },
          "1501015902652": {
            "type": "divider",
            "settings": {
              "divider_spacing": 10,
              "divider_border": false
            }
          },
          "page-details-template-16": {
            "type": "image_gallery",
            "settings": {
              "wide_display": false,
              "detail_image_1": "shopify://shop_images/pic2.jpg",
              "detail_image_2": "shopify://shop_images/deet-beach.jpg",
              "detail_image_3": "shopify://shop_images/pic1.jpg"
            }
          },
          "1497474886920": {
            "type": "divider",
            "settings": {
              "divider_spacing": 25,
              "divider_border": false
            }
          },
          "1541448220706": {
            "type": "map",
            "settings": {
              "map_wide_display": true,
              "map_address": "portland, or",
              "map_height": 400,
              "zoom_level": 14,
              "api_key": "",
              "show_pin": true,
              "map_style": "default"
            }
          }
        },
        "block_order": [
          "page-details-template-0",
          "1497474972982",
          "page-details-template-2",
          "1501015799711",
          "page-details-template-4",
          "1501015902652",
          "page-details-template-16",
          "1497474886920",
          "1541448220706"
        ],
        "settings": {}
      },
      "mega-menu-3": {
        "type": "mega-menu-3",
        "blocks": {
          "1497044240407": {
            "type": "column",
            "settings": {
              "richtext_top": "",
              "image_top": "shopify://shop_images/pic3_538c3e3b-48f3-4bee-9c2b-428fc7f69384.jpg",
              "image_caption_top": "Time to get excited about our new collection for Men!",
              "image_link_top": "shopify://collections/mens-apparel",
              "menu_1": "",
              "menu_1_link": "",
              "menu_2": "",
              "menu_2_link": "",
              "menu_3": "",
              "menu_3_link": "",
              "menu_4": "",
              "menu_4_link": "",
              "image_caption_bottom": "",
              "image_link_bottom": "",
              "richtext_bottom": ""
            }
          },
          "1497042593762": {
            "type": "column",
            "settings": {
              "richtext_top": "",
              "image_caption_top": "",
              "image_link_top": "",
              "menu_1": "womens-apparel",
              "menu_1_link": "shopify://collections/womens-apparel",
              "menu_2": "mens-apparel",
              "menu_2_link": "shopify://collections/mens-apparel",
              "menu_3": "",
              "menu_3_link": "",
              "menu_4": "",
              "menu_4_link": "",
              "image_caption_bottom": "",
              "image_link_bottom": "",
              "richtext_bottom": ""
            }
          },
          "1497042650195": {
            "type": "column",
            "settings": {
              "richtext_top": "",
              "image_caption_top": "",
              "image_link_top": "",
              "menu_1": "yoga-bags",
              "menu_1_link": "shopify://collections/yoga-bags",
              "menu_2": "yoga-mats-towels",
              "menu_2_link": "shopify://collections/yoga-mats-towels",
              "menu_3": "",
              "menu_3_link": "",
              "menu_4": "",
              "menu_4_link": "",
              "image_caption_bottom": "",
              "image_link_bottom": "",
              "richtext_bottom": ""
            }
          },
          "1497042688872": {
            "type": "column",
            "settings": {
              "richtext_top": "",
              "image_caption_top": "",
              "image_link_top": "",
              "menu_1": "yoga-props",
              "menu_1_link": "shopify://collections/yoga-props",
              "menu_2": "shop-our-deals",
              "menu_2_link": "shopify://collections/sale",
              "menu_3": "",
              "menu_3_link": "",
              "menu_4": "",
              "menu_4_link": "",
              "image_caption_bottom": "",
              "image_link_bottom": "",
              "richtext_bottom": ""
            }
          },
          "1497042736913": {
            "type": "column",
            "settings": {
              "richtext_top": "",
              "image_top": "shopify://shop_images/pic1_20b5d573-a0e2-4618-bed9-dc3bac41b9be.jpg",
              "image_caption_top": "Meet our lovely team!",
              "image_link_top": "shopify://pages/our-team",
              "menu_1": "",
              "menu_1_link": "",
              "menu_2": "",
              "menu_2_link": "",
              "menu_3": "",
              "menu_3_link": "",
              "menu_4": "",
              "menu_4_link": "",
              "image_caption_bottom": "",
              "image_link_bottom": "",
              "richtext_bottom": ""
            }
          }
        },
        "block_order": [
          "1497044240407",
          "1497042593762",
          "1497042650195",
          "1497042688872",
          "1497042736913"
        ],
        "settings": {
          "parent": "Shop"
        }
      },
      "1497536613905": {
        "type": "slideshow",
        "disabled": true,
        "blocks": {
          "1497536613905-0": {
            "type": "image",
            "settings": {
              "image": "shopify://shop_images/slide-oush.jpg",
              "pretext": "<p>full-width slideshow</p>",
              "title": "optimized for speed",
              "subtitle": "<p>Optional text + action buttons on each slide</p>",
              "button1": "Buy theme",
              "button1_link": "https://outofthesandbox.com/products/turbo-theme-portland",
              "button1_style": "global-button--banner",
              "button2": "see features",
              "button2_link": "shopify://pages/theme-info",
              "button2_style": "global-button--banner",
              "text_position": "right",
              "text_align": "center",
              "caption_content_background": "original",
              "mobile_image_crop": "none"
            }
          },
          "1497536613905-1": {
            "type": "image",
            "settings": {
              "image": "shopify://shop_images/slide-couple.jpg",
              "pretext": "<p>fast loading + flexible</p>",
              "title": "a seamless shopping experience",
              "subtitle": "",
              "button1": "Shop accessories",
              "button1_link": "shopify://collections/accessories",
              "button1_style": "global-button--banner",
              "button2": "",
              "button2_link": "",
              "button2_style": "global-button--banner",
              "text_position": "left",
              "text_align": "center",
              "caption_content_background": "original",
              "mobile_image_crop": "none"
            }
          }
        },
        "block_order": [
          "1497536613905-0",
          "1497536613905-1"
        ],
        "settings": {
          "wide_display": true,
          "slideshow_text_animation": "fadeInDown",
          "slideshow_animation": "fade",
          "slideshow_speed": 6,
          "activate_adaptiveHeight": false,
          "mobile_text_below_image": true,
          "mobile_text_color": "",
          "css_class": "",
          "custom_css": ""
        }
      },
      "1497537792845": {
        "type": "featured-text",
        "disabled": true,
        "settings": {
          "title": "energize your shop, with a theme built for speed",
          "content": "<p>Turbo is next generation ecommerce at its best: an incredibly flexible and sophisticated theme that will make your shop as stunning as it is fast. <a href=\"/pages/theme-info\" title=\"Theme Info\">View all the features here.</a></p>",
          "button_label": "",
          "button_link": "",
          "text_size": "regular_text",
          "text_alignment": "center",
          "css_class": "",
          "custom_css": ""
        }
      },
      "page-team-template": {
        "type": "page-team-template",
        "blocks": {
          "page-team-template-0": {
            "type": "employee",
            "settings": {
              "image": "shopify://shop_images/pic1_20b5d573-a0e2-4618-bed9-dc3bac41b9be.jpg",
              "title": "Sam Wilder",
              "job_title": "Founder and Creator",
              "description": "<p>Yoga has the power to heal. I love sharing my passion with my team and the community.</p>",
              "twitter": "Shopify"
            }
          },
          "page-team-template-1": {
            "type": "employee",
            "settings": {
              "image": "shopify://shop_images/pic2_ead8c479-abaf-4a87-878d-8930af94b319.jpg",
              "title": "Natasha Ulrich",
              "job_title": "Co-Founder",
              "description": "<p>Outdoor activities are my favourite... even in -40 degree weather!</p>",
              "twitter": "Shopify"
            }
          },
          "page-team-template-2": {
            "type": "employee",
            "settings": {
              "image": "shopify://shop_images/pic3_538c3e3b-48f3-4bee-9c2b-428fc7f69384.jpg",
              "title": "David Jones",
              "job_title": "Community Manager",
              "description": "<p>I love hosting events to bring the community together.</p>",
              "twitter": ""
            }
          },
          "1540925860093": {
            "type": "employee",
            "settings": {
              "image": "shopify://shop_images/pic4_d23afa04-1d0d-40c8-99bd-c916693ace9d.jpg",
              "title": "Gil Sadri",
              "job_title": "Yoga Instructor",
              "description": "<p>I love helping others and pushing them to do their best!</p>",
              "twitter": "Shopify"
            }
          },
          "1540925870006": {
            "type": "employee",
            "settings": {
              "image": "shopify://shop_images/pic5.jpg",
              "title": "Sylvia Chreptak",
              "job_title": "Pilates Instructor",
              "description": "<p>Movement is everything. I love to share wellness tips and create playlists for my classes</p>",
              "twitter": "Shopify"
            }
          },
          "1540925878746": {
            "type": "employee",
            "settings": {
              "image": "shopify://shop_images/pic6.jpg",
              "title": "Charlie Watts",
              "job_title": "Operations Manager",
              "description": "<p>Organization is my meditiation.</p>",
              "twitter": ""
            }
          },
          "1540925887735": {
            "type": "employee",
            "settings": {
              "image": "shopify://shop_images/pic7.jpg",
              "title": "Nellie King",
              "job_title": "Boxing Instructor",
              "description": "<p>Motiviation is key. We are all stronger than we think!</p>",
              "twitter": "Shopify"
            }
          },
          "1540925899723": {
            "type": "employee",
            "settings": {
              "image": "shopify://shop_images/pic8.jpg",
              "title": "Sonja Coles",
              "job_title": "Editorial Director",
              "description": "<p>I love creating beautiful visuals and collaborating with partnerships.</p>",
              "twitter": "Shopify"
            }
          }
        },
        "block_order": [
          "page-team-template-0",
          "page-team-template-1",
          "page-team-template-2",
          "1540925860093",
          "1540925870006",
          "1540925878746",
          "1540925887735",
          "1540925899723"
        ],
        "settings": {
          "image": "shopify://shop_images/team.jpg",
          "image_position": "left",
          "title": "Meet our Portland crew",
          "text": "<p>Whether it&#x27;s running, dancing, yoga, pilates, boxing, or trampolining - we all love <strong>moving</strong>, and believe that movement heals your soul. We are a dynamic crew of likeminded folks who care about the wellness of others in our community. We love partnering with other locals for events and collaborations, and are always open to new ideas. We focus on bringing people together in our space where everybody is always welcome.</p>",
          "text_position": "left",
          "employee_per_row": 4,
          "member_color": "#ffffff",
          "member_accent_color": "#d54d4d",
          "member_overlay_color": "#000000"
        }
      },
      "page-details-2-template": {
        "type": "page-details-2-template",
        "blocks": {
          "page-details-2-template-0": {
            "type": "image_with_text_overlay",
            "settings": {
              "wide_display": true,
              "image": "shopify://shop_images/top-banner1.jpg",
              "pretext": "",
              "title": "Turbo Theme",
              "subtitle": "<p>THE FIRST SHOPIFY THEME WITH A PERFORMANCE FOCUS</p>",
              "button1": "Buy Now",
              "button1_link": "https://outofthesandbox.com/products/turbo-theme-portland",
              "button1_style": "global-button--banner",
              "button2": "",
              "button2_link": "",
              "button2_style": "global-button--banner",
              "text_position": "right",
              "text_align": "center",
              "caption_content_background": "original",
              "mobile_image_crop": "none",
              "mobile_text_below_image": true,
              "mobile_text_color": ""
            }
          },
          "page-details-2-template-1": {
            "type": "divider",
            "settings": {
              "divider_spacing": 20,
              "divider_border": false
            }
          },
          "page-details-2-template-2": {
            "type": "rich_text_and_image",
            "settings": {
              "title": "FLEXIBLE AND BUILT FOR SPEED",
              "content": "<p>Turbo is a highly configurable, blazing fast theme that has been optimized for both speed and mobile experience. Turbo fully supports sections and is packed with features like product row sliders, mega menus, testimonials, homepage image gallery, FAQ template, interactive mini cart, infinite scrolling, and predictive search. It also boasts features like instantaneous page transitions for ultra-fast navigation and two separate speed modes.</p>",
              "button_label": "",
              "button_link": "",
              "text_size": "regular_text",
              "text_alignment": "center"
            }
          },
          "page-details-2-template-5": {
            "type": "divider",
            "settings": {
              "divider_spacing": 15,
              "divider_border": false
            }
          },
          "1540927615117": {
            "type": "image_with_text_overlay",
            "settings": {
              "wide_display": true,
              "image": "shopify://shop_images/laptop_2000x.progressive_8a6e25df-9e2c-499b-8022-8b9a1f620f5a.jpg",
              "pretext": "",
              "title": "make your shop shine",
              "subtitle": "",
              "button1": "Shops using Turbo",
              "button1_link": "https://help.outofthesandbox.com/hc/en-us/articles/115006912387-Featured-Shops-using-Turbo",
              "button1_style": "global-button--banner",
              "button2": "",
              "button2_link": "",
              "button2_style": "global-button--banner",
              "text_position": "center",
              "text_align": "center",
              "caption_content_background": "original",
              "mobile_image_crop": "none",
              "mobile_text_below_image": true,
              "mobile_text_color": ""
            }
          },
          "1540927815671": {
            "type": "page",
            "settings": {
              "content_page": "turbo-styles-new"
            }
          },
          "1540927669976": {
            "type": "page",
            "settings": {
              "content_page": "turbo-features-list-2"
            }
          },
          "1540927834117": {
            "type": "divider",
            "settings": {
              "divider_spacing": 20,
              "divider_border": false
            }
          },
          "1540927837935": {
            "type": "image_with_text",
            "settings": {
              "wide_display": false,
              "frontpage_text_align": "left",
              "frontpage_image_position": "row",
              "image": "shopify://shop_images/square.jpg",
              "image_crop": "none",
              "title": "For Everyone",
              "text": "<p>Turbo is a fully-loaded theme that can easily accommodate high volume, large catalog shops and especially <strong>Shopify Plus</strong> merchants. But it&#x27;s also an excellent choice for any size shop that&#x27;s looking for an edge - one that won&#x27;t sacrifice style and flexibility for enhanced performance.</p>",
              "link": "https://outofthesandbox.com/products/turbo-theme-portland",
              "button_label": "Buy Now"
            }
          },
          "4d53232e-5d2c-4f06-adcb-6191bd6b25cb": {
            "type": "divider",
            "settings": {
              "divider_spacing": 20,
              "divider_border": false
            }
          },
          "c776d2f0-c3d1-455b-932c-11187288cf1f": {
            "type": "image_with_text",
            "settings": {
              "wide_display": false,
              "frontpage_text_align": "left",
              "frontpage_image_position": "row-reverse",
              "image": "shopify://shop_images/support-ctr.jpg",
              "image_crop": "none",
              "title": "TURBO THEME SUPPORT",
              "text": "<p>Our comprehensive <a href=\"https://help.outofthesandbox.com/hc/en-us\">Theme Help Center</a> is where you'll find extensive documentation and video guides for all our themes, including <a href=\"https://help.outofthesandbox.com/hc/en-us/categories/115001109307-Turbo-Shopify-Theme\" target=\"_blank\">Turbo Support Articles.</a> Updating your theme is also quick and easy, using our unique <a href=\"https://outofthesandbox.com/pages/theme-updater-app\">Shopify Theme Updater App</a>!</p>",
              "link": "",
              "button_label": ""
            }
          },
          "ee13f885-7f02-4469-acf5-4f1eb2a19f42": {
            "type": "divider",
            "settings": {
              "divider_spacing": 20,
              "divider_border": false
            }
          }
        },
        "block_order": [
          "page-details-2-template-0",
          "page-details-2-template-1",
          "page-details-2-template-2",
          "page-details-2-template-5",
          "1540927615117",
          "1540927815671",
          "1540927669976",
          "1540927834117",
          "1540927837935",
          "4d53232e-5d2c-4f06-adcb-6191bd6b25cb",
          "c776d2f0-c3d1-455b-932c-11187288cf1f",
          "ee13f885-7f02-4469-acf5-4f1eb2a19f42"
        ],
        "settings": {}
      },
      "product-recommendations": {
        "type": "product-recommendations",
        "settings": {
          "show_product_recommendations": true,
          "product_recommendations_style": "grid",
          "product_recommendations_heading": "You may also like",
          "products_per_row": 3,
          "recommended_products_limit": 3
        }
      },
      "1565994193957": {
        "type": "divider",
        "settings": {
          "divider_spacing": 30,
          "divider_border": false,
          "css_class": "",
          "custom_css": ""
        }
      },
      "product-sidebar": {
        "type": "product-sidebar",
        "settings": {
          "toggle": false
        }
      }
    },
    "content_for_index": [
      "1489125525070",
      "1497537792845",
      "1489125942243",
      "1489624561018",
      "1489126190865",
      "1489126345371",
      "1565994193957",
      "1489167092570",
      "1489167172377",
      "1497536613905"
    ]
  }
}