{
  "current": {
    "performance": "ludicrous",
    "image_loading_style": "blur-up",
    "custom_scripts": "",
    "logo_color": "#142b3b",
    "regular_color": "#333333",
    "headline_color": "#142b3b",
    "headline_footer_text_color": "#b66c34",
    "sub_footer_text_color": "#6b6b6b",
    "sale_color": "#ee9b40",
    "was_price_color": "#b0b0b0",
    "product_hover_text_color": "#ffffff",
    "promo_text_color": "#333333",
    "shop_home_page_content_text_color": "#363636",
    "newsletter_popup_color": "#363636",
    "newsletter_section_color": "#000000",
    "collection_filter_color": "#333333",
    "top_bar_color": "#142b3b",
    "top_bar_color_hover": "#b66c34",
    "nav_color": "#142b3b",
    "nav_color_home": "#142b3b",
    "nav_color_hover": "#ee9b40",
    "link_color": "#b66c34",
    "link_hover_color": "#ee9b40",
    "sidebar_nav_color": "#142b3b",
    "sidebar_nav_color_hover": "#b66c34",
    "sub_footer_link_color": "#142b3b",
    "sub_footer_link_color_hover": "#b66c34",
    "btn_color": "#ee9b40",
    "btn_hover_color": "#b66c34",
    "btn_text_color": "#ffffff",
    "button_style": "square",
    "read_more_style": "link",
    "banner_button_color": "#ffffff",
    "banner_color": "#ffffff",
    "banner_background_color": "#142b3b",
    "banner_placeholder_background_color": "#666666",
    "swatch_style": "rounded",
    "table_styles_enabled": true,
    "slideshow_arrow_size": "light",
    "arrow_color": "#333333",
    "slideshow_button_style": true,
    "slideshow_nav_buttons": false,
    "border_color": "#b0b0b0",
    "headline_border_color": "#142b3b",
    "headline_border": "0",
    "divider_style": "solid",
    "sub_footer_border_color": "rgba(0,0,0,0)",
    "sale_banner_color": "#ee9b40",
    "new_banner_color": "#142b3b",
    "search_section_color": "#ffffff",
    "search_section_bg_color": "#142b3b",
    "testimonial_color": "#ffffff",
    "testimonial_bg_color": "#666666",
    "featured_promotions_color": "#fff",
    "featured_promotions_color_hover": "#fff",
    "featured_promotions_background": "#142b3b",
    "featured_promotions_mobile_background": true,
    "modal_background_color": "#ffffff",
    "modal_text_color": "#2b2e38",
    "shop_bg_color": "#ffffff",
    "custom_bg": "",
    "repeat_bg": "repeat",
    "bg_fixed": false,
    "bg_stretched": false,
    "top_bar_bg_color": "#ffffff",
    "top_bar_cart_bg_color": "#ffffff",
    "minicart_bg_color": "#ffffff",
    "header_bg_color": "#ffffff",
    "header_background": true,
    "transparent_header": false,
    "promo_bg_color": "#f2f2f2",
    "shop_home_page_content_bg_color": "#ffffff",
    "featured_links_background": "#ffffff",
    "product_hover_bg_color": "#142b3b",
    "sub_footer_color": "#ffffff",
    "footer_bg": "",
    "footer_bg_stretched": false,
    "newsletter_popup_background_color": "#ffffff",
    "newsletter_section_background_color": "#cccccc",
    "password_page_text_color": "#ffffff",
    "password_page_background_color": "#142b3b",
    "logo__font": "quattrocento_sans_n4",
    "logo_font_style": "uppercase",
    "logo_font_size": 22,
    "top_bar_font_size": 12,
    "top_bar_letter_spacing": 1,
    "nav__font": "quattrocento_sans_n4",
    "nav_font_style": "none",
    "nav_font_size": 15,
    "nav_letter_spacing": 1,
    "nav_shadow": false,
    "button_weight": "bold",
    "button_font_style": "uppercase",
    "button_font_size": 13,
    "mega_text_font_size": 14,
    "mega_text_letter_spacing": 1,
    "headline__font": "quattrocento_n4",
    "headline_font_style": "none",
    "headline_font_size": 34,
    "headline_letter_spacing": 1,
    "slideshow_headline__font": "quattrocento_n7",
    "slideshow_headline_font_style": "none",
    "slideshow_headline_size": 55,
    "slideshow_headline_letter_spacing": 1,
    "slideshow_headline_shadow": true,
    "slideshow_subtitle__font": "quattrocento_sans_n4",
    "slideshow_subtitle_font_style": "none",
    "slideshow_subtitle_size": 18,
    "slideshow_subtitle_letter_spacing": 1,
    "slideshow_shadow": false,
    "regular__font": "quattrocento_sans_n4",
    "regular_font_style": "none",
    "regular_font_size": 16,
    "footer_logo_font_size": 20,
    "footer_heading_font_size": 18,
    "footer_font_size": 13,
    "mega_menu_1": true,
    "mega_menu_2": false,
    "mega_menu_3": false,
    "mega_menu_4": false,
    "mega_menu_5": false,
    "search_option": "product",
    "search_pagination_type": "basic_pagination",
    "enable_autocomplete": true,
    "search_to_display": 5,
    "align_height": false,
    "collection_height": 200,
    "thumbnail_hover_enabled": true,
    "display_vendor": false,
    "collection_secondary_image": false,
    "sale_banner_enabled": true,
    "collection_swatches": false,
    "mobile_products_per_row": "1",
    "pagination_type": "load_more",
    "notify_me_form": true,
    "notify_me_richtext": "<p>Notify me when this product is available:</p>",
    "product_form_style": "swatches",
    "display_product_quantity": false,
    "limit_quantity": false,
    "display_inventory_left": false,
    "inventory_threshold": 10,
    "display_price": false,
    "sold_out_text": "Sold out",
    "free_price_text": "Free",
    "size_chart": "",
    "enable_shopify_review_comments": false,
    "enable_shopify_collection_badges": false,
    "quick_shop_enabled": true,
    "quick_shop_style": "popup",
    "product_thumbs": true,
    "gallery_arrows": true,
    "activate_zoom": false,
    "slideshow_speed": 0,
    "slideshow_animation": "slide",
    "thumbnail_position": "bottom",
    "enable_thumbnail_slider": true,
    "quick_shop_display_vendor": false,
    "quick_shop_full_description": false,
    "description_words": 25,
    "quick_shop_product_description_position": "top",
    "quick_shop_display_savings": true,
    "show_payment_button": true,
    "product_images_position": "left",
    "video_looping": false,
    "cart_action": "ajax",
    "show_lock_icon": true,
    "display_tos_checkbox": true,
    "tos_page": "",
    "go_to_checkout": true,
    "display_special_instructions": false,
    "display_savings": true,
    "cart_message": "",
    "show_shipping_calculator": true,
    "shipping_calculator_default_country": "United States",
    "currency_format": "money_format",
    "show_multiple_currencies": true,
    "supported_currencies": "USD CAD AUD GBP EUR JPY",
    "default_currency": "USD",
    "mailchimp_link": "",
    "secondary_newsletter_banner": false,
    "newsletter_popup": false,
    "newsletter_popup_close": true,
    "newsletter_popup_mobile": false,
    "newsletter_popup_form": true,
    "display_first_name": true,
    "display_last_name": true,
    "use_newsletter_border": true,
    "newsletter_bg": "",
    "image_crop": "none",
    "newsletter_popup_image_align": "left",
    "newsletter_popup_title": "Get recipes & ideas delivered to your inbox",
    "newsletter_popup_text": "<p>Sign up for our newsletter to learn about releases, exclusive deals and more!</p>",
    "newsletter_popup_text_align": "center",
    "popup_button1": "",
    "popup_button1_link": "",
    "popup_button1_highlight": false,
    "popup_button2": "",
    "popup_button2_link": "",
    "popup_button2_highlight": false,
    "newsletter_popup_seconds": 16,
    "newsletter_popup_days": "14",
    "favicon": "",
    "disqus_enabled": false,
    "disqus_shortname": "",
    "checkout_header_image": "",
    "checkout_logo_image": "shopify://shop_images/tennessee__logo-navy.png",
    "checkout_logo_position": "center",
    "checkout_logo_size": "small",
    "checkout_body_background_image": "",
    "checkout_body_background_color": "#fff",
    "checkout_input_background_color_mode": "white",
    "checkout_sidebar_background_image": "",
    "checkout_sidebar_background_color": "#fafafa",
    "checkout_heading_font": "-apple-system, BlinkMacSystemFont, 'Segoe UI', Roboto, Helvetica, Arial, sans-serif, 'Apple Color Emoji', 'Segoe UI Emoji', 'Segoe UI Symbol'",
    "checkout_body_font": "-apple-system, BlinkMacSystemFont, 'Segoe UI', Roboto, Helvetica, Arial, sans-serif, 'Apple Color Emoji', 'Segoe UI Emoji', 'Segoe UI Symbol'",
    "checkout_accent_color": "#b66c34",
    "checkout_button_color": "#ee9b40",
    "checkout_error_color": "#142b3b",
    "banner_style": "square",
    "og_image_fallback": "shopify://shop_images/turbo-tennessee-social-share-image.jpg",
    "quick_shop_zoom": false,
    "quick_shop_gallery_arrows": true,
    "quick_shop_slideshow_animation": "slide",
    "quick_shop_product_images_position": "left",
    "quick_shop_product_thumbs": false,
    "quick_shop_thumbnail_position": "bottom-thumbnails",
    "sections": {
      "header": {
        "type": "header",
        "settings": {
          "promo_text": "<p>Online only while our brick &amp; mortar shop is closed. Save 20% with the code STAYSAFE</p>",
          "social_icons_header": true,
          "phone_number": "",
          "top_bar_menu": "",
          "show_cart": true,
          "cart_icon": "cart",
          "show_locale_selector": true,
          "show_currency_selector": true,
          "logo_display_width": 205,
          "logo": "shopify://shop_images/tennessee__logo-navy.png",
          "main_linklist": "main-menu",
          "main_linklist2": "",
          "vertical_menu": false,
          "dropdown_click": false,
          "search_enabled": false,
          "fixed_header": true,
          "logo_position": "left",
          "logo_alignment": "center",
          "menu_position": "block",
          "menu_alignment": "center"
        }
      },
      "footer": {
        "type": "footer",
        "blocks": {
          "footer-1": {
            "type": "link_list",
            "settings": {
              "menu": "footer",
              "social_icons_footer": false
            }
          },
          "footer-2": {
            "type": "link_list",
            "settings": {
              "menu": "offerings",
              "social_icons_footer": false
            }
          },
          "footer-3": {
            "type": "text",
            "settings": {
              "title": "Courtesy",
              "content": "<p>This is a demo shop for the <a href=\"https://outofthesandbox.com/collections/turbo-theme\" title=\"https://outofthesandbox.com/collections/turbo-theme\">Turbo Shopify theme</a>. All product images are courtesy of <a href=\"https://www.oberlo.ca/\"><em>Oberlo</em></a><em>.</em></p>",
              "social_icons_footer": false
            }
          },
          "footer-0": {
            "type": "logo",
            "settings": {
              "image": "shopify://shop_images/tennessee__logo-navy.png",
              "text_align": "right",
              "social_icons_footer": true
            }
          }
        },
        "block_order": [
          "footer-1",
          "footer-2",
          "footer-3",
          "footer-0"
        ],
        "settings": {
          "copyright_text": "",
          "display_designed_by": true,
          "display_payment_methods": true,
          "show_locale_selector": true,
          "show_currency_selector": true
        }
      },
      "1489283389016": {
        "type": "image-with-text-overlay",
        "settings": {
          "wide_display": false,
          "image": "shopify://shop_images/banner-pour.jpg",
          "pretext": "<p>Redefine sophistication</p>",
          "title": "Our finest glassware is just a sip away",
          "subtitle": "<p>Savour spirits from our handcrafted rocks glasses</p>",
          "button1": "Explore the collection",
          "button1_link": "shopify://collections/glassware",
          "button1_style": "global-button--banner",
          "button2": "",
          "button2_style": "global-button--banner",
          "text_position": "left",
          "text_align": "left",
          "caption_content_background": "original",
          "mobile_image_crop": "none",
          "mobile_text_below_image": true,
          "mobile_text_color": "",
          "css_class": "",
          "custom_css": ""
        }
      },
      "1489283919239": {
        "type": "featured-collection",
        "settings": {
          "title": "Explore our handcrafted offerings",
          "collection_description": true,
          "collection": "frontpage",
          "collection_style": "grid",
          "products_per": 4,
          "products_limit": 4,
          "css_class": "",
          "custom_css": ""
        }
      },
      "1489285174583": {
        "type": "featured-products",
        "blocks": {
          "1489285174583-0": {
            "type": "product",
            "settings": {
              "featured_product": "360ml-hand-blown-whiskey-cup-creative-glass-bullet-embedded-in-decorative-glass-cup-decorative-glass-cup-new-arrivals"
            }
          }
        },
        "block_order": [
          "1489285174583-0"
        ],
        "settings": {
          "wide_display": false,
          "frontpage_product_stagger": true,
          "product_thumbs": true,
          "gallery_arrows": true,
          "enable_product_lightbox": true,
          "activate_zoom": false,
          "slideshow_speed": 0,
          "slideshow_animation": "slide",
          "thumbnail_position": "bottom",
          "enable_thumbnail_slider": true,
          "display_vendor": false,
          "frontpage_display_description": true,
          "product_description_position": "top",
          "display_savings": true,
          "enable_shopify_product_badges": false,
          "show_payment_button": true,
          "set_product_height": false,
          "product_height": 500,
          "video_looping": false,
          "css_class": "",
          "custom_css": ""
        }
      },
      "mega-menu-1": {
        "type": "mega-menu-1",
        "blocks": {
          "1571946235661": {
            "type": "column",
            "settings": {
              "richtext_top": "",
              "image_top": "shopify://shop_images/bartending-set.jpg",
              "image_caption_top": "",
              "image_link_top": "shopify://collections/barware",
              "menu_1": "",
              "menu_2": "",
              "menu_3": "",
              "menu_4": "",
              "image_caption_bottom": "",
              "richtext_bottom": ""
            }
          },
          "1571946378172": {
            "type": "column",
            "settings": {
              "richtext_top": "",
              "image_caption_top": "",
              "menu_1": "featured-offerings-barware",
              "menu_1_link": "shopify://collections/barware",
              "menu_2": "",
              "menu_3": "",
              "menu_4": "",
              "image_caption_bottom": "",
              "richtext_bottom": ""
            }
          },
          "1571946379705": {
            "type": "column",
            "settings": {
              "richtext_top": "",
              "image_top": "shopify://shop_images/glassware.jpg",
              "image_caption_top": "",
              "image_link_top": "shopify://collections/glassware",
              "menu_1": "",
              "menu_2": "",
              "menu_3": "",
              "menu_4": "",
              "image_caption_bottom": "",
              "richtext_bottom": ""
            }
          },
          "1571946381088": {
            "type": "column",
            "settings": {
              "richtext_top": "",
              "image_caption_top": "",
              "menu_1": "featured-offerings-glassware",
              "menu_1_link": "shopify://collections/glassware",
              "menu_2": "",
              "menu_3": "",
              "menu_4": "",
              "image_caption_bottom": "",
              "richtext_bottom": ""
            }
          }
        },
        "block_order": [
          "1571946235661",
          "1571946378172",
          "1571946379705",
          "1571946381088"
        ],
        "settings": {
          "parent": "Shop"
        }
      },
      "1571242853365": {
        "type": "featured-blog",
        "settings": {
          "title": "Cocktails, Recipes and More",
          "blog_widget_select": "the-whiskey-exchange",
          "home_page_articles": 2,
          "blog_tags": true,
          "blog_author": true,
          "read_time": true,
          "blog_date": true,
          "blog_comment_count": false,
          "read_more_link": false,
          "excerpt_display": "full_excerpt",
          "css_class": "",
          "custom_css": ""
        }
      },
      "password-template": {
        "type": "password-template",
        "settings": {
          "custom_logo": "shopify://shop_images/tennessee__logo-white.png",
          "logo_width": 180,
          "custom_pagework_page_bg": true,
          "password-page-background": "shopify://shop_images/psswd2.jpg",
          "pagework_page_bg_stretched": true,
          "password_message": "",
          "show_newsletter": true,
          "password_text": "",
          "social_media": true
        }
      },
      "collection-template": {
        "type": "collection-template",
        "settings": {
          "featured_collection_image": false,
          "wide_display": true,
          "image": "",
          "display_collection_title": true,
          "collection_breadcrumb": false,
          "collection_tags": true,
          "collection_sort": true,
          "products_per_row": 4,
          "pagination_limit": 48,
          "toggle": false
        }
      },
      "newsletter": {
        "type": "newsletter",
        "settings": {
          "wide_display": true,
          "display_first_name": false,
          "display_last_name": false,
          "newsletter_title": "Subscribe",
          "newsletter_text": "<p>Sign up to get the latest on sales, new releases and more …</p>",
          "newsletter_section_text_align": "center",
          "image": ""
        }
      },
      "search-template": {
        "type": "search-template",
        "blocks": {
          "1572361701961": {
            "type": "filter_by_collection",
            "settings": {}
          }
        },
        "block_order": [
          "1572361701961"
        ],
        "settings": {
          "image": "shopify://shop_images/tennessee__search--01.png",
          "search_breadcrumb": true,
          "search_term": "Find what you're looking for here",
          "products_per_row": 3,
          "pagination_limit": 48,
          "blog_author": false,
          "read_more_link": true,
          "blog_date": true,
          "toggle": false
        }
      },
      "product-template": {
        "type": "product-template",
        "settings": {
          "product_thumbs": true,
          "gallery_arrows": true,
          "enable_product_lightbox": true,
          "activate_zoom": false,
          "slideshow_speed": 0,
          "slideshow_animation": "slide",
          "thumbnail_position": "bottom-slider",
          "enable_thumbnail_slider": true,
          "display_vendor": false,
          "product_breadcrumb": true,
          "display_sku": false,
          "display_collections": false,
          "display_type": false,
          "display_tags": false,
          "display_social_buttons": false,
          "product_description_position": "top",
          "display_savings": true,
          "show_payment_button": true,
          "product_images_position": "left",
          "set_product_height": false,
          "product_height": 500,
          "video_looping": false,
          "enable_shopify_product_badges": false,
          "review_position": "next_to_gallery",
          "display_recently_viewed": false,
          "rv_title": "Recently Viewed Items",
          "rv_products_style": "grid",
          "rv_max_display": 4,
          "rv_per": 4
        }
      },
      "product-recommendations": {
        "type": "product-recommendations",
        "settings": {
          "show_product_recommendations": true,
          "product_recommendations_style": "grid",
          "product_recommendations_heading": "You may also like",
          "products_per_row": 4,
          "recommended_products_limit": 4
        }
      },
      "article-template": {
        "type": "article-template",
        "blocks": {
          "1571936879414": {
            "type": "newsletter",
            "settings": {
              "newsletter_title": "Get recipes & ideas delivered to your inbox",
              "newsletter_text": "<p>Sign up for our newsletter to learn about releases, exclusive deals and more!</p>"
            }
          },
          "1571936865299": {
            "type": "post_tags",
            "settings": {}
          },
          "1571936848686": {
            "type": "recent_posts",
            "settings": {
              "blog_post_count": "5"
            }
          }
        },
        "block_order": [
          "1571936879414",
          "1571936865299",
          "1571936848686"
        ],
        "settings": {
          "featured_image": "banner",
          "wide_display": true,
          "blog_breadcrumb": true,
          "blog_pagination": true,
          "blog_tags": true,
          "blog_byline": true,
          "read_time": true,
          "blog_date": true,
          "blog_author": false,
          "display_social_buttons": true,
          "blog_comment_count": true,
          "blog_additional_posts": true,
          "read_more_link": false,
          "toggle": false
        }
      },
      "blog-template": {
        "type": "blog-template",
        "blocks": {
          "1571261415618": {
            "type": "search",
            "settings": {}
          },
          "1571258334444": {
            "type": "text",
            "settings": {
              "title": "Cocktails, Recipes and More",
              "text": "<p>We loving sharing industry secrets and learning about new cocktails with our customers and friends. Join in on the conversation!</p>"
            }
          },
          "1571936952069": {
            "type": "post_tags",
            "settings": {}
          },
          "1571261472593": {
            "type": "recent_posts",
            "settings": {
              "blog_post_count": "10"
            }
          }
        },
        "block_order": [
          "1571261415618",
          "1571258334444",
          "1571936952069",
          "1571261472593"
        ],
        "settings": {
          "wide_display": true,
          "mobile_image_crop": "none",
          "subtitle": "",
          "caption_content_background": "original",
          "blog_posts_per_row": 1,
          "blog_posts_per_page": 4,
          "blog_tags": false,
          "blog_author": false,
          "read_time": false,
          "blog_date": false,
          "blog_comment_count": true,
          "read_more_link": true,
          "excerpt_display": "full_excerpt",
          "toggle": false
        }
      },
      "page-faq-template": {
        "type": "page-faq-template",
        "blocks": {
          "page-faq-template-0": {
            "type": "heading",
            "settings": {
              "heading": "Company Info"
            }
          },
          "page-faq-template-1": {
            "type": "Content",
            "settings": {
              "title": "How did your company get started?",
              "subtitle": "<p>As lovers of the bar &amp; service industry AND sculpture &amp; art, we were looking to combine our passions to start a business of our own.&nbsp;</p>\n<p></p>\n<p>While still working at the bars, we put together our business plan and finally took the leap to go out on our own and create something new.&nbsp;</p>"
            }
          },
          "page-faq-template-2": {
            "type": "Content",
            "settings": {
              "title": "Where are your products made?",
              "subtitle": "<p>All of our glassware is handblown in our&nbsp;studio just outside of Nashville, TN. All of our products are proudly made in the U.S.A.&nbsp;</p>"
            }
          },
          "page-faq-template-3": {
            "type": "Content",
            "settings": {
              "title": "Do you take any wholesale orders?",
              "subtitle": "<p>We do! For any wholesale inquiries, please feel free to <a href=\"/pages/contact\" title=\"Contact\">get in touch with us</a> and we can discuss further.&nbsp;</p>"
            }
          },
          "page-faq-template-4": {
            "type": "heading",
            "settings": {
              "heading": "Shipping & Returns"
            }
          },
          "page-faq-template-6": {
            "type": "Content",
            "settings": {
              "title": "Do you ship worldwide?",
              "subtitle": "<p>Right now, we only ship to the U.S, Canada, and Europe. But we are&nbsp;in the works of expanding our destinations - thanks for your patience!&nbsp;</p>"
            }
          },
          "page-faq-template-5": {
            "type": "Content",
            "settings": {
              "title": "How is shipping calculated?",
              "subtitle": "<p>Our shipping charges are based on the delivery method, size, weight, as well as the delivery destination.</p>\n<p></p>\n<p>We have a shipping rates calculator that's available when you add items to your cart, so you can&nbsp;estimate the cost before the checkout process!</p>"
            }
          },
          "page-faq-template-7": {
            "type": "Content",
            "settings": {
              "title": "When can I expect my order to arrive?",
              "subtitle": "<p>Depending on the delivery destination, orders can take up to 2 weeks to arrive.&nbsp;</p>"
            }
          }
        },
        "block_order": [
          "page-faq-template-0",
          "page-faq-template-1",
          "page-faq-template-2",
          "page-faq-template-3",
          "page-faq-template-4",
          "page-faq-template-6",
          "page-faq-template-5",
          "page-faq-template-7"
        ],
        "settings": {
          "wide_display": true,
          "show_banner": true,
          "image": "shopify://shop_images/blog-JD2.jpg",
          "mobile_image_crop": "none",
          "caption_content_background": "original",
          "pretext": "",
          "title": "Frequently Asked Questions",
          "subtitle": "<p>Answers to all the most popular inquiries</p>",
          "text_position": "left",
          "text_align": "left",
          "button1": "",
          "button1_style": "global-button--banner",
          "button2": "",
          "button2_style": "global-button--banner"
        }
      },
      "page-team-template": {
        "type": "page-team-template",
        "blocks": {
          "page-team-template-0": {
            "type": "employee",
            "settings": {
              "image": "shopify://shop_images/tennessee__team--01.jpg",
              "title": "Kacey Julep",
              "job_title": "Owner + Founder",
              "description": "<p>Lover of bourbon and glasswork. This company is my dream.&nbsp;</p>\n<p></p>\n<p>Favorite drink: Manhattan</p>",
              "twitter": "Shopify"
            }
          },
          "page-team-template-1": {
            "type": "employee",
            "settings": {
              "image": "shopify://shop_images/tennessee__team--02.jpg",
              "title": "Tom Collins",
              "job_title": "Operations",
              "description": "<p>Making sure that things run smoothly and the drinks are tasty!&nbsp;</p>\n<p></p>\n<p>Favorite drink: Scotch on the rocks</p>",
              "twitter": "Shopify"
            }
          },
          "page-team-template-2": {
            "type": "employee",
            "settings": {
              "image": "shopify://shop_images/tennessee__team--03.jpg",
              "title": "Rob Roy",
              "job_title": "Marketing",
              "description": "<p>Creative thinker both in ideas and cocktails!&nbsp;</p>\n<p></p>\n<p>Favorite drink: Boulevardier</p>",
              "twitter": "Shopify"
            }
          },
          "1571262435885": {
            "type": "employee",
            "settings": {
              "image": "shopify://shop_images/tennessee__team--04.jpg",
              "title": "Jackie Sazerac",
              "job_title": "Customer Service",
              "description": "<p>Happy to chat about recipes and help answer any of your questions about our products!&nbsp;</p>\n<p>Favorite drink: Paper Plane</p>",
              "twitter": "Shopify"
            }
          }
        },
        "block_order": [
          "page-team-template-0",
          "page-team-template-1",
          "page-team-template-2",
          "1571262435885"
        ],
        "settings": {
          "image_position": "right",
          "title": "Meet the amazing folks behind the scenes!",
          "text": "<p>We're a close-knit group of whiskey lovers and cocktail aficionados. Rooted in the bar and hospitality industries, we combined our&nbsp;passion&nbsp;of crafting drinks and love of sculpture to bring you only the best bar tools &amp; products&nbsp;that will be great additions to any bar cart, and perfect for entertaining friends and family at home.</p>",
          "text_position": "center",
          "employee_per_row": 2,
          "member_color": "#ffffff",
          "member_accent_color": "#ee9b40",
          "member_overlay_color": "#142b3b"
        }
      },
      "contact-template": {
        "type": "contact-template",
        "settings": {
          "wide_display": false,
          "image": "",
          "contact_text": "",
          "show_map": true,
          "map_address": "Nashville TN",
          "map_height": 400,
          "zoom_level": 14,
          "map_image": "",
          "api_key": "",
          "show_pin": false,
          "map_style": "night"
        }
      },
      "page-details-template": {
        "type": "page-details-template",
        "blocks": {
          "page-details-template-0": {
            "type": "image_with_text_overlay",
            "settings": {
              "wide_display": true,
              "image": "shopify://shop_images/banner-splash.jpg",
              "pretext": "",
              "title": "",
              "subtitle": "",
              "button1": "",
              "button1_style": "global-button--banner",
              "button2": "",
              "button2_style": "global-button--banner",
              "text_position": "center",
              "text_align": "center",
              "caption_content_background": "original",
              "mobile_image_crop": "center",
              "mobile_text_below_image": true,
              "mobile_text_color": ""
            }
          },
          "page-details-template-1": {
            "type": "divider",
            "settings": {
              "divider_spacing": 15,
              "divider_border": false
            }
          },
          "page-details-template-2": {
            "type": "rich_text_and_image",
            "settings": {
              "title": "We're a one-stop shop for all things whiskey",
              "content": "<p>Our goal is to ensure that all you whiskey, whisky, rye, scotch, and bourbon lovers are set for success with the finest glassware and tools that will compliment your premium spirits. There are so many ways to explore and enjoy whiskey, and we are happy to share our passion and expertise to help with that! </p>",
              "button_label": "",
              "text_size": "regular_text",
              "text_alignment": "center"
            }
          },
          "page-details-template-3": {
            "type": "divider",
            "settings": {
              "divider_spacing": 30,
              "divider_border": false
            }
          },
          "page-details-template-4": {
            "type": "featured_collection",
            "settings": {
              "title": "",
              "collection_description": false,
              "collection": "barware",
              "collection_style": "slider",
              "products_per": 4,
              "products_limit": 8
            }
          },
          "page-details-template-19": {
            "type": "divider",
            "settings": {
              "divider_spacing": 5,
              "divider_border": false
            }
          },
          "page-details-template-18": {
            "type": "quote",
            "settings": {
              "page_quote": "<p><a href=\"https://turbo-theme-tennessee.myshopify.com/pages/team\">Meet the amazing folks behind the scenes by checking out our Team page</a></p>"
            }
          },
          "page-details-template-5": {
            "type": "divider",
            "settings": {
              "divider_spacing": 10,
              "divider_border": false
            }
          },
          "page-details-template-6": {
            "type": "featured_video",
            "settings": {
              "wide_display": false,
              "aspect_ratio": "16:9",
              "autoplay": false,
              "autoloop": true,
              "mute_video": false,
              "show_controls": true,
              "video_dark_overlay": false,
              "iframe_video": "https://www.youtube.com/watch?v=YJvo6_11-uo",
              "html5_video": "",
              "image": "shopify://shop_images/psswd.jpg",
              "display_text_over_video": false,
              "preheading": "",
              "heading": "Behind the Scenes",
              "subheading": "",
              "button1_label": "Play Video",
              "button1_style": "global-button--banner-highlighted",
              "button2_label": "",
              "button2_style": "global-button--banner",
              "text_position": "left",
              "text_align": "left",
              "caption_content_background": "original",
              "mobile_image_crop": "none",
              "mobile_text_below_image": false,
              "mobile_text_color": ""
            }
          },
          "1572039901682": {
            "type": "divider",
            "settings": {
              "divider_spacing": 25,
              "divider_border": false
            }
          },
          "page-details-template-7": {
            "type": "image_with_text",
            "settings": {
              "wide_display": false,
              "frontpage_text_align": "left",
              "frontpage_image_position": "row",
              "image": "shopify://shop_images/bartending-set.jpg",
              "image_crop": "none",
              "title": "Spotlight on: Barware",
              "text": "<p>Our latest release of barware that will set you up for success to craft &amp; create all your exquisite cocktails. </p>",
              "link": "shopify://collections/barware",
              "button_label": "View all"
            }
          },
          "page-details-template-8": {
            "type": "image_with_text",
            "settings": {
              "wide_display": false,
              "frontpage_text_align": "left",
              "frontpage_image_position": "row-reverse",
              "image": "shopify://shop_images/glassware.jpg",
              "image_crop": "none",
              "title": "Our Signature Collection",
              "text": "<p>The silhouette that started it all and launched our company. </p>",
              "link": "shopify://collections/glassware",
              "button_label": "Shop Now"
            }
          },
          "page-details-template-9": {
            "type": "divider",
            "settings": {
              "divider_spacing": 10,
              "divider_border": false
            }
          },
          "page-details-template-10": {
            "type": "blog_posts",
            "settings": {
              "title": "Cocktails, Recipes and More",
              "blog_widget_select": "the-whiskey-exchange",
              "home_page_articles": 3,
              "blog_tags": false,
              "blog_author": false,
              "read_time": true,
              "blog_date": true,
              "blog_comment_count": false,
              "read_more_link": false,
              "excerpt_display": "full_excerpt"
            }
          },
          "1572039505334": {
            "type": "divider",
            "settings": {
              "divider_spacing": 20,
              "divider_border": false
            }
          }
        },
        "block_order": [
          "page-details-template-0",
          "page-details-template-1",
          "page-details-template-2",
          "page-details-template-3",
          "page-details-template-4",
          "page-details-template-19",
          "page-details-template-18",
          "page-details-template-5",
          "page-details-template-6",
          "1572039901682",
          "page-details-template-7",
          "page-details-template-8",
          "page-details-template-9",
          "page-details-template-10",
          "1572039505334"
        ],
        "settings": {}
      },
      "page-details-template-theme-info": {
        "type": "page-details-template-theme-info",
        "blocks": {
          "page-details-template-theme-info-0": {
            "type": "image_with_text_overlay",
            "settings": {
              "wide_display": true,
              "image": "shopify://shop_images/tennessee__info--banner.jpg",
              "pretext": "",
              "title": "Turbo Shopify Theme",
              "subtitle": "<p>Give your shop a bold new look</p>",
              "button1": "Get Started",
              "button1_link": "https://outofthesandbox.com/collections/turbo-theme/products/turbo-theme-tennessee",
              "button1_style": "global-button--banner-highlighted",
              "button2": "",
              "button2_style": "global-button--banner",
              "text_position": "center",
              "text_align": "center",
              "caption_content_background": "original",
              "mobile_image_crop": "center",
              "mobile_text_below_image": false,
              "mobile_text_color": ""
            }
          },
          "page-details-template-theme-info-1": {
            "type": "divider",
            "settings": {
              "divider_spacing": 20,
              "divider_border": false
            }
          },
          "page-details-template-theme-info-2": {
            "type": "rich_text_and_image",
            "settings": {
              "title": "Built for speed. Styled with love.",
              "content": "<p>Turbo is a highly configurable, blazing fast theme that has been optimized for both speed and mobile experience. Turbo fully supports sections and is packed with features like product row sliders, mega menus, testimonials, homepage image gallery, FAQ template, interactive mini cart, team page template, and infinite scrolling. It also boasts features like instantaneous page transitions for ultra-fast navigation and two separate speed modes.</p>",
              "button_label": "",
              "text_size": "featured_text",
              "text_alignment": "center"
            }
          },
          "page-details-template-theme-info-3": {
            "type": "divider",
            "settings": {
              "divider_spacing": 10,
              "divider_border": false
            }
          },
          "page-details-template-theme-info-7": {
            "type": "image_with_text",
            "settings": {
              "wide_display": false,
              "frontpage_text_align": "left",
              "frontpage_image_position": "row",
              "image": "shopify://shop_images/splash2.jpg",
              "image_crop": "none",
              "title": "Velocity, refined.",
              "text": "<p>Turbo is a fully-loaded theme that can easily accommodate high volume, large catalog shops and especially <strong>Shopify Plus</strong> merchants. But it&#x27;s also an excellent choice for any size shop that&#x27;s looking for an edge - one that won&#x27;t sacrifice style and flexibility for enhanced performance.</p>",
              "link": "https://outofthesandbox.com/collections/turbo-theme/products/turbo-theme-tennessee",
              "button_label": "Purchase theme"
            }
          },
          "page-details-template-theme-info-9": {
            "type": "divider",
            "settings": {
              "divider_spacing": 10,
              "divider_border": false
            }
          },
          "page-details-template-theme-info-18": {
            "type": "quote",
            "settings": {
              "page_quote": "<p>• 40% of online shoppers abandon a site that takes more than 3 seconds to load •</p>"
            }
          },
          "page-details-template-theme-info-11": {
            "type": "divider",
            "settings": {
              "divider_spacing": 10,
              "divider_border": false
            }
          },
          "1571926076949": {
            "type": "image_with_text_overlay",
            "settings": {
              "wide_display": true,
              "image": "shopify://shop_images/tennessee__info--iwt-01.jpg",
              "pretext": "",
              "title": "Dynamic & Packed with Features",
              "subtitle": "",
              "button1": "View Shops using Turbo",
              "button1_link": "https://help.outofthesandbox.com/hc/en-us/articles/115006912387-Featured-Shops-using-Turbo",
              "button1_style": "global-button--banner-highlighted",
              "button2": "",
              "button2_style": "global-button--banner",
              "text_position": "center",
              "text_align": "center",
              "caption_content_background": "original",
              "mobile_image_crop": "center",
              "mobile_text_below_image": false,
              "mobile_text_color": ""
            }
          },
          "1571926457852": {
            "type": "divider",
            "settings": {
              "divider_spacing": 20,
              "divider_border": false
            }
          },
          "1571927112397": {
            "type": "page",
            "settings": {
              "content_page": "turbo-styles"
            }
          },
          "1571926450176": {
            "type": "page",
            "settings": {
              "content_page": "turbo-features-list"
            }
          },
          "1571927188849": {
            "type": "divider",
            "settings": {
              "divider_spacing": 20,
              "divider_border": false
            }
          },
          "1571927191289": {
            "type": "featured_video",
            "settings": {
              "wide_display": true,
              "aspect_ratio": "16:9",
              "autoplay": false,
              "autoloop": true,
              "mute_video": false,
              "show_controls": true,
              "video_dark_overlay": true,
              "iframe_video": "https://youtu.be/ETSA944NIXg",
              "html5_video": "",
              "image": "shopify://shop_images/tennessee__info--video-01.jpg",
              "display_text_over_video": false,
              "preheading": "",
              "heading": "Home Page Setup",
              "subheading": "",
              "button1_label": "Play Video",
              "button1_style": "global-button--banner-highlighted",
              "button2_label": "",
              "button2_style": "global-button--banner",
              "text_position": "center",
              "text_align": "center",
              "caption_content_background": "original",
              "mobile_image_crop": "none",
              "mobile_text_below_image": true,
              "mobile_text_color": ""
            }
          },
          "1572363491565": {
            "type": "rich_text_and_image",
            "settings": {
              "title": "Turbo Theme Support",
              "content": "<p>Our comprehensive <a href=\"https://help.outofthesandbox.com/hc/en-us\">Theme Help Center</a> is where you&#x27;ll find extensive documentation and video guides for all our themes, including <a href=\"https://help.outofthesandbox.com/hc/en-us/categories/115001109307-Turbo-Shopify-Theme\">Turbo Support Articles.</a> Updating your theme is also quick and easy, using our unique <a href=\"https://outofthesandbox.com/pages/theme-updater-app\">Shopify Theme Updater App</a>!</p>",
              "button_label": "Get Support",
              "button_link": "https://help.outofthesandbox.com/hc/en-us",
              "text_size": "regular_text",
              "text_alignment": "center"
            }
          },
          "1572363558521": {
            "type": "divider",
            "settings": {
              "divider_spacing": 20,
              "divider_border": false
            }
          }
        },
        "block_order": [
          "page-details-template-theme-info-0",
          "page-details-template-theme-info-1",
          "page-details-template-theme-info-2",
          "page-details-template-theme-info-3",
          "page-details-template-theme-info-7",
          "page-details-template-theme-info-9",
          "page-details-template-theme-info-18",
          "page-details-template-theme-info-11",
          "1571926076949",
          "1571926457852",
          "1571927112397",
          "1571926450176",
          "1571927188849",
          "1571927191289",
          "1572363491565",
          "1572363558521"
        ],
        "settings": {}
      },
      "map": {
        "type": "map",
        "settings": {
          "map_wide_display": true,
          "map_address": "tennessee",
          "map_height": 360,
          "zoom_level": 6,
          "api_key": "",
          "show_pin": true,
          "map_style": "night",
          "css_class": "",
          "custom_css": ""
        }
      },
      "registration-form": {
        "type": "registration-form",
        "settings": {
          "text": "<p>Create an account for easy access to all your orders!</p>"
        }
      },
      "cart-template": {
        "type": "cart-template",
        "blocks": {
          "1571937548473": {
            "type": "featured_collection",
            "settings": {
              "title": "Don't miss out on these last chance items!",
              "collection_description": false,
              "collection": "last-chance",
              "collection_style": "grid",
              "products_per": 4,
              "products_limit": 4
            }
          }
        },
        "block_order": [
          "1571937548473"
        ],
        "settings": {
          "display_special_instructions": true,
          "display_savings": true,
          "cart_message": ""
        }
      },
      "list-collections-template": {
        "type": "list-collections-template",
        "settings": {
          "image": "",
          "collection_breadcrumb": true,
          "display_collection_title": false,
          "align_height": false,
          "collection_height": 200,
          "collections_per_row": 3,
          "pagination_limit": 18,
          "toggle": false
        }
      },
      "product-details-template": {
        "type": "product-details-template",
        "blocks": {
          "product-details-template-0": {
            "type": "rich_text_and_image",
            "settings": {
              "title": "For lovers of whiskey & design",
              "content": "<p>All of our glasses are created in-house by using a handblown technique that we&#x27;ve perfected over the years. This technique allows us to be precise and detail oriented – just what we need to bring our exquisite designs to real life. If you&#x27;re going to drink a high-quality spirit, why not drink it out of a luxurious vessel?</p>",
              "button_label": "View all Glassware",
              "button_link": "shopify://collections/glassware",
              "text_size": "featured_text",
              "text_alignment": "center"
            }
          },
          "product-details-template-1": {
            "type": "divider",
            "settings": {
              "divider_spacing": 15,
              "divider_border": true
            }
          },
          "1571939709399": {
            "type": "recommended_products",
            "settings": {}
          },
          "product-details-template-3": {
            "type": "divider",
            "settings": {
              "divider_spacing": 20,
              "divider_border": false
            }
          },
          "product-details-template-4": {
            "type": "image_with_text_overlay",
            "settings": {
              "wide_display": true,
              "image": "shopify://shop_images/psswd2.jpg",
              "pretext": "<p>Perfection. Every time.</p>",
              "title": "Learn how to craft the perfect cocktail",
              "subtitle": "<p>tips + tricks on the blog</p>",
              "button1": "Sip, Sip, Away",
              "button1_link": "shopify://blogs/the-whiskey-exchange",
              "button1_style": "global-button--banner",
              "button2": "",
              "button2_style": "global-button--banner",
              "text_position": "center",
              "text_align": "center",
              "caption_content_background": "original",
              "mobile_image_crop": "center",
              "mobile_text_below_image": false,
              "mobile_text_color": ""
            }
          }
        },
        "block_order": [
          "product-details-template-0",
          "product-details-template-1",
          "1571939709399",
          "product-details-template-3",
          "product-details-template-4"
        ],
        "settings": {
          "product_thumbs": true,
          "gallery_arrows": true,
          "enable_product_lightbox": true,
          "activate_zoom": false,
          "slideshow_speed": 0,
          "slideshow_animation": "slide",
          "thumbnail_position": "bottom-slider",
          "enable_thumbnail_slider": true,
          "display_vendor": false,
          "product_breadcrumb": false,
          "display_sku": false,
          "display_collections": false,
          "display_type": false,
          "display_tags": false,
          "display_social_buttons": true,
          "product_description_position": "top",
          "display_savings": true,
          "show_payment_button": true,
          "product_images_position": "left",
          "set_product_height": false,
          "product_height": 500,
          "video_looping": false,
          "enable_shopify_product_badges": false,
          "enable_reviews_in_description": false
        }
      },
      "1572040124040": {
        "type": "search-section",
        "settings": {
          "search_title": "Search our shop",
          "search_text": "",
          "search_section_text_align": "center",
          "search_term": "Search...",
          "css_class": "",
          "custom_css": ""
        }
      },
      "1593466045058": {
        "type": "divider",
        "settings": {
          "divider_spacing": 10,
          "divider_border": false,
          "css_class": "",
          "custom_css": ""
        }
      },
      "1593466283771": {
        "type": "logo-bar",
        "blocks": {
          "1593466283771-0": {
            "type": "logo_image",
            "settings": {
              "image": "shopify://shop_images/logo2.jpg"
            }
          },
          "1593467069312": {
            "type": "logo_image",
            "settings": {
              "image": "shopify://shop_images/logo3.jpg"
            }
          },
          "1593466283771-2": {
            "type": "logo_image",
            "settings": {
              "image": "shopify://shop_images/logo5.jpg"
            }
          },
          "1593467098942": {
            "type": "logo_image",
            "settings": {
              "image": "shopify://shop_images/logo6.jpg"
            }
          },
          "1593466283771-1": {
            "type": "logo_image",
            "settings": {
              "image": "shopify://shop_images/logo1.jpg"
            }
          }
        },
        "block_order": [
          "1593466283771-0",
          "1593467069312",
          "1593466283771-2",
          "1593467098942",
          "1593466283771-1"
        ],
        "settings": {
          "title": "",
          "css_class": "",
          "custom_css": ""
        }
      },
      "16070301999ded2d50": {
        "type": "divider",
        "settings": {
          "divider_spacing": 5,
          "divider_border": false,
          "css_class": "",
          "custom_css": ""
        }
      },
      "contact-custom-template": {
        "type": "contact-custom-template",
        "blocks": {
          "contact-custom-template-0": {
            "type": "richtext",
            "settings": {
              "label": "",
              "placeholder": "Name",
              "required": true,
              "field_type": "text"
            }
          },
          "contact-custom-template-1": {
            "type": "richtext",
            "settings": {
              "label": "",
              "placeholder": "Email",
              "required": true,
              "field_type": "email"
            }
          },
          "contact-custom-template-2": {
            "type": "richtext",
            "settings": {
              "label": "",
              "placeholder": "Message",
              "required": true,
              "field_type": "textarea"
            }
          }
        },
        "block_order": [
          "contact-custom-template-0",
          "contact-custom-template-1",
          "contact-custom-template-2"
        ],
        "settings": {
          "wide_display": true,
          "mobile_image_crop": "none",
          "contact_heading": "Get in touch",
          "subtitle": "Subheading",
          "caption_content_background": "original",
          "contact_subheading": "Contact Us Today!",
          "contact_content": "<p>Customize your contact form to suit your business! Add custom fields like a dropdown menu, checkbox, text fields and more, so that you can gather pertinent info from shoppers right from the get-go, to help answer their inquiries more effectively.</p>",
          "contact_text_position": "left",
          "contact_text_alignment": "left",
          "contact_social_buttons": false
        }
      }
    },
    "content_for_index": [
      "1489283389016",
      "16070301999ded2d50",
      "1489283919239",
      "1489285174583",
      "1571242853365",
      "1593466045058",
      "1593466283771",
      "1572040124040"
    ]
  }
}